workerid, condition, stimulus, response
ASB8T0H7L99RF,  0, 1, 6
ASB8T0H7L99RF,  0, 43, 2
ASB8T0H7L99RF,  0, 36, 2
ASB8T0H7L99RF,  0, 5, 6
ASB8T0H7L99RF,  0, 34, 4
ASB8T0H7L99RF,  0, 33, 4
ASB8T0H7L99RF,  0, 16, 5
ASB8T0H7L99RF,  0, 18, 5
ASB8T0H7L99RF,  0, 17, 6
ASB8T0H7L99RF,  0, 9, 5
ASB8T0H7L99RF,  0, 19, 4
ASB8T0H7L99RF,  0, 24, 4
ASB8T0H7L99RF,  0, 42, 2
ASB8T0H7L99RF,  0, 10, 5
ASB8T0H7L99RF,  0, 4, 6
ASB8T0H7L99RF,  0, 25, 4
ASB8T0H7L99RF,  0, 40, 2
ASB8T0H7L99RF,  0, 11, 3
ASB8T0H7L99RF,  0, 2, 6
ASB8T0H7L99RF,  0, 26, 4
ASB8T0H7L99RF,  0, 22, 5
ASB8T0H7L99RF,  0, 12, 4
ASB8T0H7L99RF,  0, 14, 3
ASB8T0H7L99RF,  0, 20, 6
ASB8T0H7L99RF,  0, 6, 6
ASB8T0H7L99RF,  0, 3, 6
ASB8T0H7L99RF,  0, 37, 2
ASB8T0H7L99RF,  0, 38, 1
ASB8T0H7L99RF,  0, 30, 1
ASB8T0H7L99RF,  0, 39, 2
ASB8T0H7L99RF,  0, 35, 2
ASB8T0H7L99RF,  0, 32, 3
ASB8T0H7L99RF,  0, 21, 4
ASB8T0H7L99RF,  0, 29, 5
ASB8T0H7L99RF,  0, 28, 6
ASB8T0H7L99RF,  0, 44, 1
ASB8T0H7L99RF,  0, 31, 3
ASB8T0H7L99RF,  0, 45, 2
ASB8T0H7L99RF,  0, 7, 6
ASB8T0H7L99RF,  0, 15, 5
ASB8T0H7L99RF,  0, 27, 6
ASB8T0H7L99RF,  0, 13, 3
ASB8T0H7L99RF,  0, 41, 1
ASB8T0H7L99RF,  0, 8, 6
ASB8T0H7L99RF,  0, 23, 4
A2KBZ1N74UIVB5,  1, 33, 3
A2KBZ1N74UIVB5,  1, 17, 4
A2KBZ1N74UIVB5,  1, 44, 2
A2KBZ1N74UIVB5,  1, 41, 3
A2KBZ1N74UIVB5,  1, 26, 1
A2KBZ1N74UIVB5,  1, 29, 2
A2KBZ1N74UIVB5,  1, 31, 2
A2KBZ1N74UIVB5,  1, 45, 2
A2KBZ1N74UIVB5,  1, 39, 1
A2KBZ1N74UIVB5,  1, 43, 2
A2KBZ1N74UIVB5,  1, 30, 3
A2KBZ1N74UIVB5,  1, 9, 7
A2KBZ1N74UIVB5,  1, 42, 1
A2KBZ1N74UIVB5,  1, 13, 5
A2KBZ1N74UIVB5,  1, 4, 6
A2KBZ1N74UIVB5,  1, 23, 4
A2KBZ1N74UIVB5,  1, 19, 4
A2KBZ1N74UIVB5,  1, 5, 7
A2KBZ1N74UIVB5,  1, 28, 1
A2KBZ1N74UIVB5,  1, 2, 7
A2KBZ1N74UIVB5,  1, 25, 4
A2KBZ1N74UIVB5,  1, 38, 2
A2KBZ1N74UIVB5,  1, 6, 6
A2KBZ1N74UIVB5,  1, 24, 4
A2KBZ1N74UIVB5,  1, 18, 4
A2KBZ1N74UIVB5,  1, 36, 2
A2KBZ1N74UIVB5,  1, 3, 6
A2KBZ1N74UIVB5,  1, 7, 6
A2KBZ1N74UIVB5,  1, 32, 3
A2KBZ1N74UIVB5,  1, 37, 2
A2KBZ1N74UIVB5,  1, 34, 2
A2KBZ1N74UIVB5,  1, 20, 6
A2KBZ1N74UIVB5,  1, 1, 5
A2KBZ1N74UIVB5,  1, 22, 4
A2KBZ1N74UIVB5,  1, 10, 6
A2KBZ1N74UIVB5,  1, 40, 2
A2KBZ1N74UIVB5,  1, 15, 6
A2KBZ1N74UIVB5,  1, 16, 4
A2KBZ1N74UIVB5,  1, 11, 3
A2KBZ1N74UIVB5,  1, 14, 6
A2KBZ1N74UIVB5,  1, 21, 4
A2KBZ1N74UIVB5,  1, 27, 1
A2KBZ1N74UIVB5,  1, 12, 6
A2KBZ1N74UIVB5,  1, 8, 5
A2KBZ1N74UIVB5,  1, 35, 2
A1AKX1C8GCVCTP,  0, 32, 5
A1AKX1C8GCVCTP,  0, 39, 3
A1AKX1C8GCVCTP,  0, 7, 5
A1AKX1C8GCVCTP,  0, 31, 4
A1AKX1C8GCVCTP,  0, 14, 6
A1AKX1C8GCVCTP,  0, 22, 4
A1AKX1C8GCVCTP,  0, 23, 6
A1AKX1C8GCVCTP,  0, 20, 6
A1AKX1C8GCVCTP,  0, 34, 5
A1AKX1C8GCVCTP,  0, 9, 7
A1AKX1C8GCVCTP,  0, 30, 6
A1AKX1C8GCVCTP,  0, 42, 1
A1AKX1C8GCVCTP,  0, 2, 7
A1AKX1C8GCVCTP,  0, 16, 5
A1AKX1C8GCVCTP,  0, 4, 7
A1AKX1C8GCVCTP,  0, 28, 5
A1AKX1C8GCVCTP,  0, 11, 6
A1AKX1C8GCVCTP,  0, 40, 2
A1AKX1C8GCVCTP,  0, 17, 5
A1AKX1C8GCVCTP,  0, 21, 5
A1AKX1C8GCVCTP,  0, 25, 4
A1AKX1C8GCVCTP,  0, 10, 7
A1AKX1C8GCVCTP,  0, 36, 1
A1AKX1C8GCVCTP,  0, 1, 7
A1AKX1C8GCVCTP,  0, 29, 5
A1AKX1C8GCVCTP,  0, 5, 7
A1AKX1C8GCVCTP,  0, 13, 6
A1AKX1C8GCVCTP,  0, 33, 2
A1AKX1C8GCVCTP,  0, 26, 5
A1AKX1C8GCVCTP,  0, 12, 5
A1AKX1C8GCVCTP,  0, 27, 4
A1AKX1C8GCVCTP,  0, 3, 7
A1AKX1C8GCVCTP,  0, 41, 1
A1AKX1C8GCVCTP,  0, 37, 2
A1AKX1C8GCVCTP,  0, 24, 4
A1AKX1C8GCVCTP,  0, 35, 3
A1AKX1C8GCVCTP,  0, 8, 6
A1AKX1C8GCVCTP,  0, 45, 1
A1AKX1C8GCVCTP,  0, 43, 2
A1AKX1C8GCVCTP,  0, 44, 1
A1AKX1C8GCVCTP,  0, 19, 3
A1AKX1C8GCVCTP,  0, 15, 5
A1AKX1C8GCVCTP,  0, 6, 7
A1AKX1C8GCVCTP,  0, 18, 6
A1AKX1C8GCVCTP,  0, 38, 1
A1GBHIFG07L5OU,  0, 20, 5
A1GBHIFG07L5OU,  0, 10, 7
A1GBHIFG07L5OU,  0, 6, 6
A1GBHIFG07L5OU,  0, 23, 5
A1GBHIFG07L5OU,  0, 9, 7
A1GBHIFG07L5OU,  0, 44, 1
A1GBHIFG07L5OU,  0, 1, 6
A1GBHIFG07L5OU,  0, 7, 7
A1GBHIFG07L5OU,  0, 11, 5
A1GBHIFG07L5OU,  0, 22, 5
A1GBHIFG07L5OU,  0, 5, 7
A1GBHIFG07L5OU,  0, 2, 7
A1GBHIFG07L5OU,  0, 3, 6
A1GBHIFG07L5OU,  0, 25, 4
A1GBHIFG07L5OU,  0, 29, 5
A1GBHIFG07L5OU,  0, 36, 2
A1GBHIFG07L5OU,  0, 12, 5
A1GBHIFG07L5OU,  0, 45, 2
A1GBHIFG07L5OU,  0, 13, 6
A1GBHIFG07L5OU,  0, 32, 5
A1GBHIFG07L5OU,  0, 37, 3
A1GBHIFG07L5OU,  0, 41, 2
A1GBHIFG07L5OU,  0, 35, 4
A1GBHIFG07L5OU,  0, 21, 5
A1GBHIFG07L5OU,  0, 30, 4
A1GBHIFG07L5OU,  0, 43, 2
A1GBHIFG07L5OU,  0, 34, 2
A1GBHIFG07L5OU,  0, 31, 4
A1GBHIFG07L5OU,  0, 4, 7
A1GBHIFG07L5OU,  0, 40, 2
A1GBHIFG07L5OU,  0, 16, 5
A1GBHIFG07L5OU,  0, 19, 4
A1GBHIFG07L5OU,  0, 26, 5
A1GBHIFG07L5OU,  0, 17, 4
A1GBHIFG07L5OU,  0, 8, 6
A1GBHIFG07L5OU,  0, 33, 4
A1GBHIFG07L5OU,  0, 38, 3
A1GBHIFG07L5OU,  0, 15, 5
A1GBHIFG07L5OU,  0, 28, 3
A1GBHIFG07L5OU,  0, 14, 3
A1GBHIFG07L5OU,  0, 18, 5
A1GBHIFG07L5OU,  0, 27, 4
A1GBHIFG07L5OU,  0, 24, 5
A1GBHIFG07L5OU,  0, 42, 2
A1GBHIFG07L5OU,  0, 39, 3
A35C12CR628WKD,  1, 14, 5
A35C12CR628WKD,  1, 4, 6
A35C12CR628WKD,  1, 29, 3
A35C12CR628WKD,  1, 17, 5
A35C12CR628WKD,  1, 11, 5
A35C12CR628WKD,  1, 32, 2
A35C12CR628WKD,  1, 28, 1
A35C12CR628WKD,  1, 43, 2
A35C12CR628WKD,  1, 20, 4
A35C12CR628WKD,  1, 18, 4
A35C12CR628WKD,  1, 34, 3
A35C12CR628WKD,  1, 7, 5
A35C12CR628WKD,  1, 8, 5
A35C12CR628WKD,  1, 25, 4
A35C12CR628WKD,  1, 12, 6
A35C12CR628WKD,  1, 44, 2
A35C12CR628WKD,  1, 5, 6
A35C12CR628WKD,  1, 33, 2
A35C12CR628WKD,  1, 21, 4
A35C12CR628WKD,  1, 26, 2
A35C12CR628WKD,  1, 16, 5
A35C12CR628WKD,  1, 38, 3
A35C12CR628WKD,  1, 23, 5
A35C12CR628WKD,  1, 19, 5
A35C12CR628WKD,  1, 40, 2
A35C12CR628WKD,  1, 36, 2
A35C12CR628WKD,  1, 41, 2
A35C12CR628WKD,  1, 30, 1
A35C12CR628WKD,  1, 6, 6
A35C12CR628WKD,  1, 27, 2
A35C12CR628WKD,  1, 24, 1
A35C12CR628WKD,  1, 2, 6
A35C12CR628WKD,  1, 31, 2
A35C12CR628WKD,  1, 42, 2
A35C12CR628WKD,  1, 9, 6
A35C12CR628WKD,  1, 10, 7
A35C12CR628WKD,  1, 22, 1
A35C12CR628WKD,  1, 45, 3
A35C12CR628WKD,  1, 35, 2
A35C12CR628WKD,  1, 13, 5
A35C12CR628WKD,  1, 15, 6
A35C12CR628WKD,  1, 3, 6
A35C12CR628WKD,  1, 39, 2
A35C12CR628WKD,  1, 1, 6
A35C12CR628WKD,  1, 37, 2
ALVNLAB9WP9I4,  0, 21, 4
ALVNLAB9WP9I4,  0, 12, 6
ALVNLAB9WP9I4,  0, 40, 2
ALVNLAB9WP9I4,  0, 31, 4
ALVNLAB9WP9I4,  0, 25, 4
ALVNLAB9WP9I4,  0, 4, 7
ALVNLAB9WP9I4,  0, 34, 5
ALVNLAB9WP9I4,  0, 45, 1
ALVNLAB9WP9I4,  0, 16, 5
ALVNLAB9WP9I4,  0, 43, 3
ALVNLAB9WP9I4,  0, 20, 4
ALVNLAB9WP9I4,  0, 32, 3
ALVNLAB9WP9I4,  0, 38, 3
ALVNLAB9WP9I4,  0, 2, 6
ALVNLAB9WP9I4,  0, 9, 5
ALVNLAB9WP9I4,  0, 33, 4
ALVNLAB9WP9I4,  0, 14, 5
ALVNLAB9WP9I4,  0, 3, 6
ALVNLAB9WP9I4,  0, 36, 4
ALVNLAB9WP9I4,  0, 27, 6
ALVNLAB9WP9I4,  0, 44, 1
ALVNLAB9WP9I4,  0, 7, 7
ALVNLAB9WP9I4,  0, 41, 2
ALVNLAB9WP9I4,  0, 42, 3
ALVNLAB9WP9I4,  0, 10, 6
ALVNLAB9WP9I4,  0, 26, 4
ALVNLAB9WP9I4,  0, 29, 4
ALVNLAB9WP9I4,  0, 35, 6
ALVNLAB9WP9I4,  0, 13, 6
ALVNLAB9WP9I4,  0, 37, 5
ALVNLAB9WP9I4,  0, 30, 6
ALVNLAB9WP9I4,  0, 8, 6
ALVNLAB9WP9I4,  0, 15, 6
ALVNLAB9WP9I4,  0, 17, 5
ALVNLAB9WP9I4,  0, 39, 2
ALVNLAB9WP9I4,  0, 5, 6
ALVNLAB9WP9I4,  0, 28, 2
ALVNLAB9WP9I4,  0, 11, 3
ALVNLAB9WP9I4,  0, 23, 3
ALVNLAB9WP9I4,  0, 24, 5
ALVNLAB9WP9I4,  0, 6, 6
ALVNLAB9WP9I4,  0, 19, 5
ALVNLAB9WP9I4,  0, 22, 3
ALVNLAB9WP9I4,  0, 1, 6
ALVNLAB9WP9I4,  0, 18, 6
A34F2ESTZYTWRM,  1, 28, 1
A34F2ESTZYTWRM,  1, 40, 1
A34F2ESTZYTWRM,  1, 21, 4
A34F2ESTZYTWRM,  1, 30, 3
A34F2ESTZYTWRM,  1, 25, 4
A34F2ESTZYTWRM,  1, 26, 2
A34F2ESTZYTWRM,  1, 7, 6
A34F2ESTZYTWRM,  1, 33, 1
A34F2ESTZYTWRM,  1, 38, 1
A34F2ESTZYTWRM,  1, 17, 5
A34F2ESTZYTWRM,  1, 44, 2
A34F2ESTZYTWRM,  1, 4, 7
A34F2ESTZYTWRM,  1, 22, 4
A34F2ESTZYTWRM,  1, 20, 5
A34F2ESTZYTWRM,  1, 13, 6
A34F2ESTZYTWRM,  1, 3, 7
A34F2ESTZYTWRM,  1, 39, 1
A34F2ESTZYTWRM,  1, 31, 2
A34F2ESTZYTWRM,  1, 42, 1
A34F2ESTZYTWRM,  1, 6, 6
A34F2ESTZYTWRM,  1, 37, 2
A34F2ESTZYTWRM,  1, 9, 5
A34F2ESTZYTWRM,  1, 24, 4
A34F2ESTZYTWRM,  1, 5, 7
A34F2ESTZYTWRM,  1, 10, 7
A34F2ESTZYTWRM,  1, 1, 6
A34F2ESTZYTWRM,  1, 32, 2
A34F2ESTZYTWRM,  1, 2, 7
A34F2ESTZYTWRM,  1, 35, 2
A34F2ESTZYTWRM,  1, 36, 2
A34F2ESTZYTWRM,  1, 34, 1
A34F2ESTZYTWRM,  1, 29, 1
A34F2ESTZYTWRM,  1, 45, 1
A34F2ESTZYTWRM,  1, 41, 2
A34F2ESTZYTWRM,  1, 12, 5
A34F2ESTZYTWRM,  1, 27, 3
A34F2ESTZYTWRM,  1, 16, 4
A34F2ESTZYTWRM,  1, 23, 4
A34F2ESTZYTWRM,  1, 18, 4
A34F2ESTZYTWRM,  1, 15, 5
A34F2ESTZYTWRM,  1, 14, 5
A34F2ESTZYTWRM,  1, 43, 2
A34F2ESTZYTWRM,  1, 11, 6
A34F2ESTZYTWRM,  1, 19, 4
A34F2ESTZYTWRM,  1, 8, 6
A1EKUJGMFDI1RZ,  1, 3, 6
A1EKUJGMFDI1RZ,  1, 7, 5
A1EKUJGMFDI1RZ,  1, 17, 4
A1EKUJGMFDI1RZ,  1, 33, 1
A1EKUJGMFDI1RZ,  1, 22, 4
A1EKUJGMFDI1RZ,  1, 45, 2
A1EKUJGMFDI1RZ,  1, 39, 2
A1EKUJGMFDI1RZ,  1, 24, 4
A1EKUJGMFDI1RZ,  1, 36, 3
A1EKUJGMFDI1RZ,  1, 16, 5
A1EKUJGMFDI1RZ,  1, 34, 3
A1EKUJGMFDI1RZ,  1, 29, 3
A1EKUJGMFDI1RZ,  1, 13, 5
A1EKUJGMFDI1RZ,  1, 40, 3
A1EKUJGMFDI1RZ,  1, 21, 4
A1EKUJGMFDI1RZ,  1, 42, 1
A1EKUJGMFDI1RZ,  1, 27, 3
A1EKUJGMFDI1RZ,  1, 18, 4
A1EKUJGMFDI1RZ,  1, 8, 6
A1EKUJGMFDI1RZ,  1, 43, 2
A1EKUJGMFDI1RZ,  1, 15, 5
A1EKUJGMFDI1RZ,  1, 12, 6
A1EKUJGMFDI1RZ,  1, 35, 3
A1EKUJGMFDI1RZ,  1, 38, 4
A1EKUJGMFDI1RZ,  1, 31, 3
A1EKUJGMFDI1RZ,  1, 32, 4
A1EKUJGMFDI1RZ,  1, 14, 5
A1EKUJGMFDI1RZ,  1, 44, 3
A1EKUJGMFDI1RZ,  1, 26, 2
A1EKUJGMFDI1RZ,  1, 2, 7
A1EKUJGMFDI1RZ,  1, 25, 6
A1EKUJGMFDI1RZ,  1, 1, 6
A1EKUJGMFDI1RZ,  1, 10, 6
A1EKUJGMFDI1RZ,  1, 5, 7
A1EKUJGMFDI1RZ,  1, 28, 2
A1EKUJGMFDI1RZ,  1, 6, 6
A1EKUJGMFDI1RZ,  1, 4, 7
A1EKUJGMFDI1RZ,  1, 30, 3
A1EKUJGMFDI1RZ,  1, 41, 3
A1EKUJGMFDI1RZ,  1, 23, 4
A1EKUJGMFDI1RZ,  1, 11, 5
A1EKUJGMFDI1RZ,  1, 19, 4
A1EKUJGMFDI1RZ,  1, 37, 2
A1EKUJGMFDI1RZ,  1, 20, 4
A1EKUJGMFDI1RZ,  1, 9, 6
AFDC9A6Z60W2Z,  0, 28, 4
AFDC9A6Z60W2Z,  0, 13, 6
AFDC9A6Z60W2Z,  0, 40, 3
AFDC9A6Z60W2Z,  0, 24, 4
AFDC9A6Z60W2Z,  0, 11, 5
AFDC9A6Z60W2Z,  0, 23, 4
AFDC9A6Z60W2Z,  0, 7, 6
AFDC9A6Z60W2Z,  0, 39, 3
AFDC9A6Z60W2Z,  0, 27, 4
AFDC9A6Z60W2Z,  0, 17, 4
AFDC9A6Z60W2Z,  0, 14, 5
AFDC9A6Z60W2Z,  0, 19, 5
AFDC9A6Z60W2Z,  0, 34, 2
AFDC9A6Z60W2Z,  0, 45, 1
AFDC9A6Z60W2Z,  0, 16, 5
AFDC9A6Z60W2Z,  0, 33, 4
AFDC9A6Z60W2Z,  0, 44, 2
AFDC9A6Z60W2Z,  0, 32, 4
AFDC9A6Z60W2Z,  0, 20, 5
AFDC9A6Z60W2Z,  0, 12, 5
AFDC9A6Z60W2Z,  0, 18, 5
AFDC9A6Z60W2Z,  0, 6, 7
AFDC9A6Z60W2Z,  0, 4, 7
AFDC9A6Z60W2Z,  0, 21, 4
AFDC9A6Z60W2Z,  0, 42, 2
AFDC9A6Z60W2Z,  0, 9, 6
AFDC9A6Z60W2Z,  0, 25, 4
AFDC9A6Z60W2Z,  0, 43, 2
AFDC9A6Z60W2Z,  0, 41, 1
AFDC9A6Z60W2Z,  0, 5, 7
AFDC9A6Z60W2Z,  0, 26, 4
AFDC9A6Z60W2Z,  0, 3, 7
AFDC9A6Z60W2Z,  0, 35, 4
AFDC9A6Z60W2Z,  0, 38, 2
AFDC9A6Z60W2Z,  0, 15, 6
AFDC9A6Z60W2Z,  0, 36, 3
AFDC9A6Z60W2Z,  0, 31, 3
AFDC9A6Z60W2Z,  0, 2, 7
AFDC9A6Z60W2Z,  0, 8, 7
AFDC9A6Z60W2Z,  0, 37, 3
AFDC9A6Z60W2Z,  0, 22, 4
AFDC9A6Z60W2Z,  0, 30, 5
AFDC9A6Z60W2Z,  0, 29, 5
AFDC9A6Z60W2Z,  0, 1, 7
AFDC9A6Z60W2Z,  0, 10, 7
A3O9Q7AV4TDE4G,  1, 21, 5
A3O9Q7AV4TDE4G,  1, 44, 1
A3O9Q7AV4TDE4G,  1, 18, 4
A3O9Q7AV4TDE4G,  1, 28, 1
A3O9Q7AV4TDE4G,  1, 25, 4
A3O9Q7AV4TDE4G,  1, 34, 2
A3O9Q7AV4TDE4G,  1, 29, 3
A3O9Q7AV4TDE4G,  1, 5, 7
A3O9Q7AV4TDE4G,  1, 9, 6
A3O9Q7AV4TDE4G,  1, 3, 4
A3O9Q7AV4TDE4G,  1, 33, 2
A3O9Q7AV4TDE4G,  1, 8, 3
A3O9Q7AV4TDE4G,  1, 37, 2
A3O9Q7AV4TDE4G,  1, 30, 1
A3O9Q7AV4TDE4G,  1, 31, 1
A3O9Q7AV4TDE4G,  1, 22, 4
A3O9Q7AV4TDE4G,  1, 42, 2
A3O9Q7AV4TDE4G,  1, 19, 5
A3O9Q7AV4TDE4G,  1, 1, 4
A3O9Q7AV4TDE4G,  1, 17, 4
A3O9Q7AV4TDE4G,  1, 4, 7
A3O9Q7AV4TDE4G,  1, 6, 7
A3O9Q7AV4TDE4G,  1, 13, 6
A3O9Q7AV4TDE4G,  1, 14, 5
A3O9Q7AV4TDE4G,  1, 7, 5
A3O9Q7AV4TDE4G,  1, 41, 1
A3O9Q7AV4TDE4G,  1, 35, 1
A3O9Q7AV4TDE4G,  1, 27, 1
A3O9Q7AV4TDE4G,  1, 23, 4
A3O9Q7AV4TDE4G,  1, 43, 1
A3O9Q7AV4TDE4G,  1, 24, 4
A3O9Q7AV4TDE4G,  1, 38, 2
A3O9Q7AV4TDE4G,  1, 10, 4
A3O9Q7AV4TDE4G,  1, 32, 3
A3O9Q7AV4TDE4G,  1, 2, 7
A3O9Q7AV4TDE4G,  1, 11, 4
A3O9Q7AV4TDE4G,  1, 20, 5
A3O9Q7AV4TDE4G,  1, 45, 3
A3O9Q7AV4TDE4G,  1, 16, 4
A3O9Q7AV4TDE4G,  1, 15, 6
A3O9Q7AV4TDE4G,  1, 36, 3
A3O9Q7AV4TDE4G,  1, 40, 2
A3O9Q7AV4TDE4G,  1, 39, 1
A3O9Q7AV4TDE4G,  1, 26, 3
A3O9Q7AV4TDE4G,  1, 12, 6
A2WCDQDLMC6J72,  1, 5, 7
A2WCDQDLMC6J72,  1, 7, 4
A2WCDQDLMC6J72,  1, 27, 3
A2WCDQDLMC6J72,  1, 34, 3
A2WCDQDLMC6J72,  1, 45, 3
A2WCDQDLMC6J72,  1, 22, 4
A2WCDQDLMC6J72,  1, 12, 6
A2WCDQDLMC6J72,  1, 43, 2
A2WCDQDLMC6J72,  1, 39, 1
A2WCDQDLMC6J72,  1, 16, 4
A2WCDQDLMC6J72,  1, 23, 4
A2WCDQDLMC6J72,  1, 29, 3
A2WCDQDLMC6J72,  1, 1, 6
A2WCDQDLMC6J72,  1, 17, 4
A2WCDQDLMC6J72,  1, 10, 6
A2WCDQDLMC6J72,  1, 21, 4
A2WCDQDLMC6J72,  1, 20, 5
A2WCDQDLMC6J72,  1, 19, 4
A2WCDQDLMC6J72,  1, 4, 6
A2WCDQDLMC6J72,  1, 37, 2
A2WCDQDLMC6J72,  1, 24, 4
A2WCDQDLMC6J72,  1, 3, 7
A2WCDQDLMC6J72,  1, 25, 4
A2WCDQDLMC6J72,  1, 14, 3
A2WCDQDLMC6J72,  1, 9, 6
A2WCDQDLMC6J72,  1, 18, 4
A2WCDQDLMC6J72,  1, 36, 2
A2WCDQDLMC6J72,  1, 8, 4
A2WCDQDLMC6J72,  1, 42, 2
A2WCDQDLMC6J72,  1, 31, 2
A2WCDQDLMC6J72,  1, 38, 2
A2WCDQDLMC6J72,  1, 13, 4
A2WCDQDLMC6J72,  1, 2, 6
A2WCDQDLMC6J72,  1, 11, 4
A2WCDQDLMC6J72,  1, 35, 2
A2WCDQDLMC6J72,  1, 15, 4
A2WCDQDLMC6J72,  1, 40, 2
A2WCDQDLMC6J72,  1, 44, 2
A2WCDQDLMC6J72,  1, 32, 5
A2WCDQDLMC6J72,  1, 30, 4
A2WCDQDLMC6J72,  1, 41, 2
A2WCDQDLMC6J72,  1, 6, 6
A2WCDQDLMC6J72,  1, 33, 3
A2WCDQDLMC6J72,  1, 26, 4
A2WCDQDLMC6J72,  1, 28, 2
A33NK36A94Y75Y,  1, 41, 6
A33NK36A94Y75Y,  1, 14, 4
A33NK36A94Y75Y,  1, 3, 3
A33NK36A94Y75Y,  1, 20, 5
A33NK36A94Y75Y,  1, 28, 5
A33NK36A94Y75Y,  1, 18, 3
A33NK36A94Y75Y,  1, 11, 6
A33NK36A94Y75Y,  1, 44, 3
A33NK36A94Y75Y,  1, 36, 4
A33NK36A94Y75Y,  1, 39, 5
A33NK36A94Y75Y,  1, 16, 3
A33NK36A94Y75Y,  1, 7, 7
A33NK36A94Y75Y,  1, 22, 3
A33NK36A94Y75Y,  1, 37, 1
A33NK36A94Y75Y,  1, 31, 3
A33NK36A94Y75Y,  1, 33, 4
A33NK36A94Y75Y,  1, 6, 3
A33NK36A94Y75Y,  1, 19, 5
A33NK36A94Y75Y,  1, 23, 5
A33NK36A94Y75Y,  1, 40, 4
A33NK36A94Y75Y,  1, 26, 3
A33NK36A94Y75Y,  1, 34, 5
A33NK36A94Y75Y,  1, 17, 1
A33NK36A94Y75Y,  1, 4, 4
A33NK36A94Y75Y,  1, 10, 6
A33NK36A94Y75Y,  1, 15, 4
A33NK36A94Y75Y,  1, 32, 4
A33NK36A94Y75Y,  1, 29, 2
A33NK36A94Y75Y,  1, 43, 1
A33NK36A94Y75Y,  1, 38, 1
A33NK36A94Y75Y,  1, 35, 2
A33NK36A94Y75Y,  1, 30, 4
A33NK36A94Y75Y,  1, 21, 5
A33NK36A94Y75Y,  1, 9, 7
A33NK36A94Y75Y,  1, 2, 7
A33NK36A94Y75Y,  1, 42, 2
A33NK36A94Y75Y,  1, 24, 4
A33NK36A94Y75Y,  1, 12, 4
A33NK36A94Y75Y,  1, 27, 1
A33NK36A94Y75Y,  1, 25, 3
A33NK36A94Y75Y,  1, 8, 1
A33NK36A94Y75Y,  1, 1, 6
A33NK36A94Y75Y,  1, 5, 6
A33NK36A94Y75Y,  1, 45, 2
A33NK36A94Y75Y,  1, 13, 2
A32QJF67JMJFKX,  1, 36, 3
A32QJF67JMJFKX,  1, 44, 2
A32QJF67JMJFKX,  1, 11, 4
A32QJF67JMJFKX,  1, 31, 3
A32QJF67JMJFKX,  1, 9, 5
A32QJF67JMJFKX,  1, 6, 5
A32QJF67JMJFKX,  1, 12, 5
A32QJF67JMJFKX,  1, 29, 2
A32QJF67JMJFKX,  1, 10, 5
A32QJF67JMJFKX,  1, 5, 6
A32QJF67JMJFKX,  1, 45, 2
A32QJF67JMJFKX,  1, 14, 5
A32QJF67JMJFKX,  1, 32, 2
A32QJF67JMJFKX,  1, 25, 4
A32QJF67JMJFKX,  1, 40, 1
A32QJF67JMJFKX,  1, 4, 6
A32QJF67JMJFKX,  1, 13, 4
A32QJF67JMJFKX,  1, 39, 1
A32QJF67JMJFKX,  1, 42, 2
A32QJF67JMJFKX,  1, 35, 2
A32QJF67JMJFKX,  1, 15, 5
A32QJF67JMJFKX,  1, 27, 3
A32QJF67JMJFKX,  1, 21, 4
A32QJF67JMJFKX,  1, 19, 4
A32QJF67JMJFKX,  1, 16, 4
A32QJF67JMJFKX,  1, 38, 3
A32QJF67JMJFKX,  1, 18, 4
A32QJF67JMJFKX,  1, 23, 4
A32QJF67JMJFKX,  1, 34, 4
A32QJF67JMJFKX,  1, 8, 5
A32QJF67JMJFKX,  1, 24, 4
A32QJF67JMJFKX,  1, 28, 2
A32QJF67JMJFKX,  1, 7, 5
A32QJF67JMJFKX,  1, 22, 4
A32QJF67JMJFKX,  1, 37, 2
A32QJF67JMJFKX,  1, 43, 2
A32QJF67JMJFKX,  1, 30, 3
A32QJF67JMJFKX,  1, 2, 5
A32QJF67JMJFKX,  1, 1, 5
A32QJF67JMJFKX,  1, 20, 5
A32QJF67JMJFKX,  1, 41, 2
A32QJF67JMJFKX,  1, 33, 2
A32QJF67JMJFKX,  1, 17, 5
A32QJF67JMJFKX,  1, 3, 5
A32QJF67JMJFKX,  1, 26, 2
A2DWPP1KKAY0HG,  0, 44, 2
A2DWPP1KKAY0HG,  0, 30, 4
A2DWPP1KKAY0HG,  0, 13, 6
A2DWPP1KKAY0HG,  0, 16, 6
A2DWPP1KKAY0HG,  0, 19, 7
A2DWPP1KKAY0HG,  0, 4, 7
A2DWPP1KKAY0HG,  0, 21, 2
A2DWPP1KKAY0HG,  0, 22, 6
A2DWPP1KKAY0HG,  0, 32, 3
A2DWPP1KKAY0HG,  0, 42, 6
A2DWPP1KKAY0HG,  0, 43, 1
A2DWPP1KKAY0HG,  0, 29, 4
A2DWPP1KKAY0HG,  0, 8, 7
A2DWPP1KKAY0HG,  0, 27, 5
A2DWPP1KKAY0HG,  0, 10, 7
A2DWPP1KKAY0HG,  0, 39, 1
A2DWPP1KKAY0HG,  0, 3, 7
A2DWPP1KKAY0HG,  0, 1, 7
A2DWPP1KKAY0HG,  0, 23, 5
A2DWPP1KKAY0HG,  0, 33, 4
A2DWPP1KKAY0HG,  0, 18, 6
A2DWPP1KKAY0HG,  0, 35, 5
A2DWPP1KKAY0HG,  0, 26, 5
A2DWPP1KKAY0HG,  0, 11, 6
A2DWPP1KKAY0HG,  0, 12, 6
A2DWPP1KKAY0HG,  0, 28, 5
A2DWPP1KKAY0HG,  0, 17, 6
A2DWPP1KKAY0HG,  0, 24, 4
A2DWPP1KKAY0HG,  0, 37, 1
A2DWPP1KKAY0HG,  0, 9, 7
A2DWPP1KKAY0HG,  0, 25, 4
A2DWPP1KKAY0HG,  0, 31, 3
A2DWPP1KKAY0HG,  0, 6, 6
A2DWPP1KKAY0HG,  0, 2, 7
A2DWPP1KKAY0HG,  0, 20, 6
A2DWPP1KKAY0HG,  0, 15, 6
A2DWPP1KKAY0HG,  0, 40, 4
A2DWPP1KKAY0HG,  0, 34, 4
A2DWPP1KKAY0HG,  0, 14, 6
A2DWPP1KKAY0HG,  0, 5, 7
A2DWPP1KKAY0HG,  0, 45, 1
A2DWPP1KKAY0HG,  0, 7, 6
A2DWPP1KKAY0HG,  0, 36, 2
A2DWPP1KKAY0HG,  0, 41, 6
A2DWPP1KKAY0HG,  0, 38, 4
A4158R4Y06ZB4,  0, 16, 5
A4158R4Y06ZB4,  0, 2, 7
A4158R4Y06ZB4,  0, 43, 2
A4158R4Y06ZB4,  0, 1, 6
A4158R4Y06ZB4,  0, 31, 1
A4158R4Y06ZB4,  0, 19, 3
A4158R4Y06ZB4,  0, 10, 5
A4158R4Y06ZB4,  0, 45, 2
A4158R4Y06ZB4,  0, 17, 6
A4158R4Y06ZB4,  0, 29, 3
A4158R4Y06ZB4,  0, 3, 7
A4158R4Y06ZB4,  0, 44, 1
A4158R4Y06ZB4,  0, 41, 1
A4158R4Y06ZB4,  0, 20, 6
A4158R4Y06ZB4,  0, 34, 3
A4158R4Y06ZB4,  0, 42, 3
A4158R4Y06ZB4,  0, 38, 4
A4158R4Y06ZB4,  0, 8, 6
A4158R4Y06ZB4,  0, 7, 5
A4158R4Y06ZB4,  0, 5, 6
A4158R4Y06ZB4,  0, 36, 2
A4158R4Y06ZB4,  0, 30, 6
A4158R4Y06ZB4,  0, 6, 7
A4158R4Y06ZB4,  0, 9, 5
A4158R4Y06ZB4,  0, 23, 4
A4158R4Y06ZB4,  0, 35, 3
A4158R4Y06ZB4,  0, 27, 5
A4158R4Y06ZB4,  0, 33, 3
A4158R4Y06ZB4,  0, 13, 5
A4158R4Y06ZB4,  0, 12, 4
A4158R4Y06ZB4,  0, 32, 3
A4158R4Y06ZB4,  0, 22, 4
A4158R4Y06ZB4,  0, 25, 4
A4158R4Y06ZB4,  0, 24, 4
A4158R4Y06ZB4,  0, 21, 4
A4158R4Y06ZB4,  0, 18, 4
A4158R4Y06ZB4,  0, 4, 6
A4158R4Y06ZB4,  0, 14, 6
A4158R4Y06ZB4,  0, 40, 3
A4158R4Y06ZB4,  0, 15, 6
A4158R4Y06ZB4,  0, 39, 4
A4158R4Y06ZB4,  0, 37, 3
A4158R4Y06ZB4,  0, 11, 4
A4158R4Y06ZB4,  0, 26, 4
A4158R4Y06ZB4,  0, 28, 4
A3KCZB9IL6CVH,  0, 11, 4
A3KCZB9IL6CVH,  0, 2, 7
A3KCZB9IL6CVH,  0, 10, 6
A3KCZB9IL6CVH,  0, 5, 5
A3KCZB9IL6CVH,  0, 20, 4
A3KCZB9IL6CVH,  0, 25, 3
A3KCZB9IL6CVH,  0, 39, 1
A3KCZB9IL6CVH,  0, 43, 3
A3KCZB9IL6CVH,  0, 16, 4
A3KCZB9IL6CVH,  0, 19, 4
A3KCZB9IL6CVH,  0, 29, 4
A3KCZB9IL6CVH,  0, 18, 4
A3KCZB9IL6CVH,  0, 26, 4
A3KCZB9IL6CVH,  0, 8, 5
A3KCZB9IL6CVH,  0, 40, 2
A3KCZB9IL6CVH,  0, 28, 4
A3KCZB9IL6CVH,  0, 27, 4
A3KCZB9IL6CVH,  0, 14, 2
A3KCZB9IL6CVH,  0, 37, 1
A3KCZB9IL6CVH,  0, 35, 4
A3KCZB9IL6CVH,  0, 32, 4
A3KCZB9IL6CVH,  0, 12, 3
A3KCZB9IL6CVH,  0, 34, 2
A3KCZB9IL6CVH,  0, 42, 1
A3KCZB9IL6CVH,  0, 45, 2
A3KCZB9IL6CVH,  0, 9, 7
A3KCZB9IL6CVH,  0, 31, 3
A3KCZB9IL6CVH,  0, 30, 4
A3KCZB9IL6CVH,  0, 21, 4
A3KCZB9IL6CVH,  0, 13, 4
A3KCZB9IL6CVH,  0, 3, 6
A3KCZB9IL6CVH,  0, 6, 5
A3KCZB9IL6CVH,  0, 23, 3
A3KCZB9IL6CVH,  0, 7, 7
A3KCZB9IL6CVH,  0, 36, 1
A3KCZB9IL6CVH,  0, 4, 6
A3KCZB9IL6CVH,  0, 17, 4
A3KCZB9IL6CVH,  0, 24, 4
A3KCZB9IL6CVH,  0, 44, 1
A3KCZB9IL6CVH,  0, 15, 4
A3KCZB9IL6CVH,  0, 38, 4
A3KCZB9IL6CVH,  0, 22, 4
A3KCZB9IL6CVH,  0, 1, 6
A3KCZB9IL6CVH,  0, 41, 2
A3KCZB9IL6CVH,  0, 33, 3
AOTSBJGYMR4N8,  0, 9, 2
AOTSBJGYMR4N8,  0, 17, 4
AOTSBJGYMR4N8,  0, 12, 5
AOTSBJGYMR4N8,  0, 4, 7
AOTSBJGYMR4N8,  0, 35, 5
AOTSBJGYMR4N8,  0, 7, 6
AOTSBJGYMR4N8,  0, 44, 5
AOTSBJGYMR4N8,  0, 38, 2
AOTSBJGYMR4N8,  0, 24, 5
AOTSBJGYMR4N8,  0, 14, 4
AOTSBJGYMR4N8,  0, 23, 5
AOTSBJGYMR4N8,  0, 42, 2
AOTSBJGYMR4N8,  0, 6, 6
AOTSBJGYMR4N8,  0, 31, 2
AOTSBJGYMR4N8,  0, 26, 3
AOTSBJGYMR4N8,  0, 10, 5
AOTSBJGYMR4N8,  0, 36, 3
AOTSBJGYMR4N8,  0, 19, 4
AOTSBJGYMR4N8,  0, 37, 2
AOTSBJGYMR4N8,  0, 32, 3
AOTSBJGYMR4N8,  0, 43, 2
AOTSBJGYMR4N8,  0, 41, 1
AOTSBJGYMR4N8,  0, 21, 4
AOTSBJGYMR4N8,  0, 40, 2
AOTSBJGYMR4N8,  0, 3, 6
AOTSBJGYMR4N8,  0, 15, 4
AOTSBJGYMR4N8,  0, 16, 4
AOTSBJGYMR4N8,  0, 20, 5
AOTSBJGYMR4N8,  0, 11, 5
AOTSBJGYMR4N8,  0, 25, 4
AOTSBJGYMR4N8,  0, 8, 6
AOTSBJGYMR4N8,  0, 33, 5
AOTSBJGYMR4N8,  0, 39, 2
AOTSBJGYMR4N8,  0, 18, 5
AOTSBJGYMR4N8,  0, 28, 4
AOTSBJGYMR4N8,  0, 2, 7
AOTSBJGYMR4N8,  0, 34, 3
AOTSBJGYMR4N8,  0, 30, 3
AOTSBJGYMR4N8,  0, 5, 5
AOTSBJGYMR4N8,  0, 27, 3
AOTSBJGYMR4N8,  0, 22, 6
AOTSBJGYMR4N8,  0, 45, 2
AOTSBJGYMR4N8,  0, 29, 3
AOTSBJGYMR4N8,  0, 1, 6
AOTSBJGYMR4N8,  0, 13, 6
A3UTFL5JHRQCM1,  1, 32, 2
A3UTFL5JHRQCM1,  1, 21, 3
A3UTFL5JHRQCM1,  1, 3, 7
A3UTFL5JHRQCM1,  1, 37, 1
A3UTFL5JHRQCM1,  1, 43, 2
A3UTFL5JHRQCM1,  1, 24, 4
A3UTFL5JHRQCM1,  1, 7, 6
A3UTFL5JHRQCM1,  1, 14, 6
A3UTFL5JHRQCM1,  1, 42, 1
A3UTFL5JHRQCM1,  1, 9, 6
A3UTFL5JHRQCM1,  1, 8, 5
A3UTFL5JHRQCM1,  1, 15, 6
A3UTFL5JHRQCM1,  1, 41, 1
A3UTFL5JHRQCM1,  1, 40, 2
A3UTFL5JHRQCM1,  1, 31, 3
A3UTFL5JHRQCM1,  1, 35, 2
A3UTFL5JHRQCM1,  1, 36, 2
A3UTFL5JHRQCM1,  1, 44, 1
A3UTFL5JHRQCM1,  1, 11, 5
A3UTFL5JHRQCM1,  1, 23, 4
A3UTFL5JHRQCM1,  1, 20, 5
A3UTFL5JHRQCM1,  1, 27, 5
A3UTFL5JHRQCM1,  1, 13, 6
A3UTFL5JHRQCM1,  1, 17, 5
A3UTFL5JHRQCM1,  1, 22, 4
A3UTFL5JHRQCM1,  1, 26, 3
A3UTFL5JHRQCM1,  1, 34, 2
A3UTFL5JHRQCM1,  1, 33, 1
A3UTFL5JHRQCM1,  1, 12, 6
A3UTFL5JHRQCM1,  1, 29, 3
A3UTFL5JHRQCM1,  1, 39, 1
A3UTFL5JHRQCM1,  1, 10, 7
A3UTFL5JHRQCM1,  1, 38, 1
A3UTFL5JHRQCM1,  1, 6, 7
A3UTFL5JHRQCM1,  1, 1, 7
A3UTFL5JHRQCM1,  1, 4, 7
A3UTFL5JHRQCM1,  1, 2, 6
A3UTFL5JHRQCM1,  1, 18, 5
A3UTFL5JHRQCM1,  1, 25, 4
A3UTFL5JHRQCM1,  1, 28, 2
A3UTFL5JHRQCM1,  1, 45, 1
A3UTFL5JHRQCM1,  1, 16, 3
A3UTFL5JHRQCM1,  1, 30, 3
A3UTFL5JHRQCM1,  1, 19, 5
A3UTFL5JHRQCM1,  1, 5, 7
A247FJ235YHG9J,  1, 16, 4
A247FJ235YHG9J,  1, 12, 4
A247FJ235YHG9J,  1, 23, 6
A247FJ235YHG9J,  1, 19, 5
A247FJ235YHG9J,  1, 36, 4
A247FJ235YHG9J,  1, 29, 2
A247FJ235YHG9J,  1, 4, 7
A247FJ235YHG9J,  1, 7, 4
A247FJ235YHG9J,  1, 21, 4
A247FJ235YHG9J,  1, 42, 1
A247FJ235YHG9J,  1, 25, 4
A247FJ235YHG9J,  1, 2, 6
A247FJ235YHG9J,  1, 28, 1
A247FJ235YHG9J,  1, 24, 7
A247FJ235YHG9J,  1, 9, 6
A247FJ235YHG9J,  1, 34, 4
A247FJ235YHG9J,  1, 3, 4
A247FJ235YHG9J,  1, 15, 4
A247FJ235YHG9J,  1, 14, 4
A247FJ235YHG9J,  1, 1, 4
A247FJ235YHG9J,  1, 43, 1
A247FJ235YHG9J,  1, 45, 1
A247FJ235YHG9J,  1, 8, 2
A247FJ235YHG9J,  1, 41, 1
A247FJ235YHG9J,  1, 22, 4
A247FJ235YHG9J,  1, 17, 4
A247FJ235YHG9J,  1, 6, 6
A247FJ235YHG9J,  1, 40, 1
A247FJ235YHG9J,  1, 39, 1
A247FJ235YHG9J,  1, 32, 2
A247FJ235YHG9J,  1, 5, 6
A247FJ235YHG9J,  1, 10, 6
A247FJ235YHG9J,  1, 37, 1
A247FJ235YHG9J,  1, 26, 1
A247FJ235YHG9J,  1, 38, 1
A247FJ235YHG9J,  1, 33, 1
A247FJ235YHG9J,  1, 31, 1
A247FJ235YHG9J,  1, 30, 1
A247FJ235YHG9J,  1, 13, 4
A247FJ235YHG9J,  1, 27, 1
A247FJ235YHG9J,  1, 44, 1
A247FJ235YHG9J,  1, 11, 3
A247FJ235YHG9J,  1, 35, 1
A247FJ235YHG9J,  1, 18, 4
A247FJ235YHG9J,  1, 20, 4
A3GRA30OB7ZJJB,  0, 4, 7
A3GRA30OB7ZJJB,  0, 44, 1
A3GRA30OB7ZJJB,  0, 2, 7
A3GRA30OB7ZJJB,  0, 42, 1
A3GRA30OB7ZJJB,  0, 14, 4
A3GRA30OB7ZJJB,  0, 27, 6
A3GRA30OB7ZJJB,  0, 6, 7
A3GRA30OB7ZJJB,  0, 34, 1
A3GRA30OB7ZJJB,  0, 24, 6
A3GRA30OB7ZJJB,  0, 43, 1
A3GRA30OB7ZJJB,  0, 45, 1
A3GRA30OB7ZJJB,  0, 25, 6
A3GRA30OB7ZJJB,  0, 39, 1
A3GRA30OB7ZJJB,  0, 19, 6
A3GRA30OB7ZJJB,  0, 31, 2
A3GRA30OB7ZJJB,  0, 41, 1
A3GRA30OB7ZJJB,  0, 30, 6
A3GRA30OB7ZJJB,  0, 28, 7
A3GRA30OB7ZJJB,  0, 7, 7
A3GRA30OB7ZJJB,  0, 23, 7
A3GRA30OB7ZJJB,  0, 18, 7
A3GRA30OB7ZJJB,  0, 22, 7
A3GRA30OB7ZJJB,  0, 15, 7
A3GRA30OB7ZJJB,  0, 1, 7
A3GRA30OB7ZJJB,  0, 35, 6
A3GRA30OB7ZJJB,  0, 29, 6
A3GRA30OB7ZJJB,  0, 3, 7
A3GRA30OB7ZJJB,  0, 37, 1
A3GRA30OB7ZJJB,  0, 10, 6
A3GRA30OB7ZJJB,  0, 13, 7
A3GRA30OB7ZJJB,  0, 9, 7
A3GRA30OB7ZJJB,  0, 26, 6
A3GRA30OB7ZJJB,  0, 33, 6
A3GRA30OB7ZJJB,  0, 11, 7
A3GRA30OB7ZJJB,  0, 36, 1
A3GRA30OB7ZJJB,  0, 20, 7
A3GRA30OB7ZJJB,  0, 32, 1
A3GRA30OB7ZJJB,  0, 17, 7
A3GRA30OB7ZJJB,  0, 21, 6
A3GRA30OB7ZJJB,  0, 38, 1
A3GRA30OB7ZJJB,  0, 40, 1
A3GRA30OB7ZJJB,  0, 12, 7
A3GRA30OB7ZJJB,  0, 8, 7
A3GRA30OB7ZJJB,  0, 5, 7
A3GRA30OB7ZJJB,  0, 16, 7
A29VV8U7XTHC3B,  0, 37, 2
A29VV8U7XTHC3B,  0, 5, 6
A29VV8U7XTHC3B,  0, 8, 5
A29VV8U7XTHC3B,  0, 13, 4
A29VV8U7XTHC3B,  0, 43, 1
A29VV8U7XTHC3B,  0, 33, 3
A29VV8U7XTHC3B,  0, 24, 4
A29VV8U7XTHC3B,  0, 38, 3
A29VV8U7XTHC3B,  0, 19, 2
A29VV8U7XTHC3B,  0, 20, 3
A29VV8U7XTHC3B,  0, 17, 6
A29VV8U7XTHC3B,  0, 11, 7
A29VV8U7XTHC3B,  0, 15, 6
A29VV8U7XTHC3B,  0, 31, 2
A29VV8U7XTHC3B,  0, 1, 7
A29VV8U7XTHC3B,  0, 9, 6
A29VV8U7XTHC3B,  0, 36, 1
A29VV8U7XTHC3B,  0, 3, 7
A29VV8U7XTHC3B,  0, 42, 1
A29VV8U7XTHC3B,  0, 27, 4
A29VV8U7XTHC3B,  0, 6, 6
A29VV8U7XTHC3B,  0, 41, 1
A29VV8U7XTHC3B,  0, 18, 6
A29VV8U7XTHC3B,  0, 32, 3
A29VV8U7XTHC3B,  0, 34, 3
A29VV8U7XTHC3B,  0, 30, 5
A29VV8U7XTHC3B,  0, 23, 5
A29VV8U7XTHC3B,  0, 26, 6
A29VV8U7XTHC3B,  0, 44, 1
A29VV8U7XTHC3B,  0, 28, 5
A29VV8U7XTHC3B,  0, 39, 2
A29VV8U7XTHC3B,  0, 21, 5
A29VV8U7XTHC3B,  0, 2, 7
A29VV8U7XTHC3B,  0, 12, 5
A29VV8U7XTHC3B,  0, 40, 3
A29VV8U7XTHC3B,  0, 7, 6
A29VV8U7XTHC3B,  0, 25, 4
A29VV8U7XTHC3B,  0, 29, 4
A29VV8U7XTHC3B,  0, 14, 5
A29VV8U7XTHC3B,  0, 35, 4
A29VV8U7XTHC3B,  0, 10, 5
A29VV8U7XTHC3B,  0, 16, 5
A29VV8U7XTHC3B,  0, 4, 7
A29VV8U7XTHC3B,  0, 22, 5
A29VV8U7XTHC3B,  0, 45, 1
A1CH3TODZNQCES,  1, 14, 4
A1CH3TODZNQCES,  1, 26, 6
A1CH3TODZNQCES,  1, 2, 1
A1CH3TODZNQCES,  1, 41, 5
A1CH3TODZNQCES,  1, 24, 5
A1CH3TODZNQCES,  1, 22, 6
A1CH3TODZNQCES,  1, 19, 5
A1CH3TODZNQCES,  1, 40, 6
A1CH3TODZNQCES,  1, 4, 4
A1CH3TODZNQCES,  1, 8, 2
A1CH3TODZNQCES,  1, 31, 4
A1CH3TODZNQCES,  1, 16, 2
A1CH3TODZNQCES,  1, 44, 3
A1CH3TODZNQCES,  1, 7, 2
A1CH3TODZNQCES,  1, 34, 5
A1CH3TODZNQCES,  1, 25, 2
A1CH3TODZNQCES,  1, 20, 5
A1CH3TODZNQCES,  1, 38, 2
A1CH3TODZNQCES,  1, 10, 5
A1CH3TODZNQCES,  1, 45, 1
A1CH3TODZNQCES,  1, 29, 4
A1CH3TODZNQCES,  1, 3, 6
A1CH3TODZNQCES,  1, 42, 2
A1CH3TODZNQCES,  1, 28, 3
A1CH3TODZNQCES,  1, 5, 6
A1CH3TODZNQCES,  1, 23, 4
A1CH3TODZNQCES,  1, 37, 2
A1CH3TODZNQCES,  1, 15, 6
A1CH3TODZNQCES,  1, 11, 3
A1CH3TODZNQCES,  1, 21, 4
A1CH3TODZNQCES,  1, 36, 3
A1CH3TODZNQCES,  1, 6, 5
A1CH3TODZNQCES,  1, 1, 6
A1CH3TODZNQCES,  1, 30, 3
A1CH3TODZNQCES,  1, 43, 4
A1CH3TODZNQCES,  1, 9, 4
A1CH3TODZNQCES,  1, 17, 5
A1CH3TODZNQCES,  1, 13, 4
A1CH3TODZNQCES,  1, 35, 3
A1CH3TODZNQCES,  1, 32, 3
A1CH3TODZNQCES,  1, 39, 2
A1CH3TODZNQCES,  1, 27, 4
A1CH3TODZNQCES,  1, 33, 2
A1CH3TODZNQCES,  1, 18, 3
A1CH3TODZNQCES,  1, 12, 4
A3FAH5S2RGZ5AK,  1, 28, 6
A3FAH5S2RGZ5AK,  1, 40, 5
A3FAH5S2RGZ5AK,  1, 29, 5
A3FAH5S2RGZ5AK,  1, 19, 1
A3FAH5S2RGZ5AK,  1, 31, 5
A3FAH5S2RGZ5AK,  1, 42, 3
A3FAH5S2RGZ5AK,  1, 38, 3
A3FAH5S2RGZ5AK,  1, 11, 3
A3FAH5S2RGZ5AK,  1, 15, 4
A3FAH5S2RGZ5AK,  1, 44, 6
A3FAH5S2RGZ5AK,  1, 26, 3
A3FAH5S2RGZ5AK,  1, 23, 4
A3FAH5S2RGZ5AK,  1, 25, 3
A3FAH5S2RGZ5AK,  1, 8, 3
A3FAH5S2RGZ5AK,  1, 34, 4
A3FAH5S2RGZ5AK,  1, 27, 4
A3FAH5S2RGZ5AK,  1, 33, 5
A3FAH5S2RGZ5AK,  1, 36, 6
A3FAH5S2RGZ5AK,  1, 13, 4
A3FAH5S2RGZ5AK,  1, 6, 3
A3FAH5S2RGZ5AK,  1, 10, 3
A3FAH5S2RGZ5AK,  1, 2, 3
A3FAH5S2RGZ5AK,  1, 24, 6
A3FAH5S2RGZ5AK,  1, 22, 4
A3FAH5S2RGZ5AK,  1, 3, 5
A3FAH5S2RGZ5AK,  1, 4, 4
A3FAH5S2RGZ5AK,  1, 9, 4
A3FAH5S2RGZ5AK,  1, 30, 4
A3FAH5S2RGZ5AK,  1, 5, 5
A3FAH5S2RGZ5AK,  1, 20, 4
A3FAH5S2RGZ5AK,  1, 1, 4
A3FAH5S2RGZ5AK,  1, 43, 4
A3FAH5S2RGZ5AK,  1, 39, 6
A3FAH5S2RGZ5AK,  1, 37, 5
A3FAH5S2RGZ5AK,  1, 16, 5
A3FAH5S2RGZ5AK,  1, 45, 5
A3FAH5S2RGZ5AK,  1, 32, 4
A3FAH5S2RGZ5AK,  1, 21, 4
A3FAH5S2RGZ5AK,  1, 7, 4
A3FAH5S2RGZ5AK,  1, 41, 4
A3FAH5S2RGZ5AK,  1, 35, 4
A3FAH5S2RGZ5AK,  1, 12, 3
A3FAH5S2RGZ5AK,  1, 18, 2
A3FAH5S2RGZ5AK,  1, 14, 3
A3FAH5S2RGZ5AK,  1, 17, 4
A33S9Z0SQC71A0,  0, 2, 7
A33S9Z0SQC71A0,  0, 18, 5
A33S9Z0SQC71A0,  0, 30, 4
A33S9Z0SQC71A0,  0, 39, 3
A33S9Z0SQC71A0,  0, 40, 4
A33S9Z0SQC71A0,  0, 33, 4
A33S9Z0SQC71A0,  0, 7, 7
A33S9Z0SQC71A0,  0, 41, 2
A33S9Z0SQC71A0,  0, 23, 4
A33S9Z0SQC71A0,  0, 28, 6
A33S9Z0SQC71A0,  0, 22, 6
A33S9Z0SQC71A0,  0, 21, 6
A33S9Z0SQC71A0,  0, 1, 7
A33S9Z0SQC71A0,  0, 37, 3
A33S9Z0SQC71A0,  0, 34, 5
A33S9Z0SQC71A0,  0, 15, 7
A33S9Z0SQC71A0,  0, 19, 6
A33S9Z0SQC71A0,  0, 3, 7
A33S9Z0SQC71A0,  0, 31, 1
A33S9Z0SQC71A0,  0, 10, 6
A33S9Z0SQC71A0,  0, 13, 5
A33S9Z0SQC71A0,  0, 8, 6
A33S9Z0SQC71A0,  0, 35, 4
A33S9Z0SQC71A0,  0, 36, 2
A33S9Z0SQC71A0,  0, 38, 2
A33S9Z0SQC71A0,  0, 43, 1
A33S9Z0SQC71A0,  0, 4, 7
A33S9Z0SQC71A0,  0, 42, 1
A33S9Z0SQC71A0,  0, 32, 4
A33S9Z0SQC71A0,  0, 29, 4
A33S9Z0SQC71A0,  0, 27, 5
A33S9Z0SQC71A0,  0, 24, 5
A33S9Z0SQC71A0,  0, 17, 6
A33S9Z0SQC71A0,  0, 14, 6
A33S9Z0SQC71A0,  0, 25, 4
A33S9Z0SQC71A0,  0, 9, 7
A33S9Z0SQC71A0,  0, 16, 5
A33S9Z0SQC71A0,  0, 12, 5
A33S9Z0SQC71A0,  0, 11, 6
A33S9Z0SQC71A0,  0, 5, 7
A33S9Z0SQC71A0,  0, 44, 1
A33S9Z0SQC71A0,  0, 20, 6
A33S9Z0SQC71A0,  0, 26, 6
A33S9Z0SQC71A0,  0, 6, 7
A33S9Z0SQC71A0,  0, 45, 1
A36KYJFSPRAFNH,  0, 32, 3
A36KYJFSPRAFNH,  0, 18, 6
A36KYJFSPRAFNH,  0, 36, 2
A36KYJFSPRAFNH,  0, 44, 1
A36KYJFSPRAFNH,  0, 23, 4
A36KYJFSPRAFNH,  0, 22, 5
A36KYJFSPRAFNH,  0, 13, 6
A36KYJFSPRAFNH,  0, 11, 7
A36KYJFSPRAFNH,  0, 43, 1
A36KYJFSPRAFNH,  0, 14, 4
A36KYJFSPRAFNH,  0, 39, 1
A36KYJFSPRAFNH,  0, 35, 3
A36KYJFSPRAFNH,  0, 16, 5
A36KYJFSPRAFNH,  0, 30, 3
A36KYJFSPRAFNH,  0, 37, 1
A36KYJFSPRAFNH,  0, 21, 6
A36KYJFSPRAFNH,  0, 26, 3
A36KYJFSPRAFNH,  0, 6, 7
A36KYJFSPRAFNH,  0, 9, 7
A36KYJFSPRAFNH,  0, 5, 7
A36KYJFSPRAFNH,  0, 33, 3
A36KYJFSPRAFNH,  0, 24, 4
A36KYJFSPRAFNH,  0, 8, 7
A36KYJFSPRAFNH,  0, 4, 7
A36KYJFSPRAFNH,  0, 28, 4
A36KYJFSPRAFNH,  0, 2, 7
A36KYJFSPRAFNH,  0, 15, 6
A36KYJFSPRAFNH,  0, 10, 6
A36KYJFSPRAFNH,  0, 12, 4
A36KYJFSPRAFNH,  0, 41, 1
A36KYJFSPRAFNH,  0, 1, 7
A36KYJFSPRAFNH,  0, 19, 4
A36KYJFSPRAFNH,  0, 27, 3
A36KYJFSPRAFNH,  0, 45, 1
A36KYJFSPRAFNH,  0, 29, 4
A36KYJFSPRAFNH,  0, 3, 7
A36KYJFSPRAFNH,  0, 38, 2
A36KYJFSPRAFNH,  0, 34, 2
A36KYJFSPRAFNH,  0, 7, 7
A36KYJFSPRAFNH,  0, 42, 1
A36KYJFSPRAFNH,  0, 25, 4
A36KYJFSPRAFNH,  0, 20, 5
A36KYJFSPRAFNH,  0, 17, 5
A36KYJFSPRAFNH,  0, 40, 2
A36KYJFSPRAFNH,  0, 31, 3
A2YGAEODJ5SSF6,  1, 6, 7
A2YGAEODJ5SSF6,  1, 32, 4
A2YGAEODJ5SSF6,  1, 21, 4
A2YGAEODJ5SSF6,  1, 31, 2
A2YGAEODJ5SSF6,  1, 4, 7
A2YGAEODJ5SSF6,  1, 29, 3
A2YGAEODJ5SSF6,  1, 10, 6
A2YGAEODJ5SSF6,  1, 35, 1
A2YGAEODJ5SSF6,  1, 45, 2
A2YGAEODJ5SSF6,  1, 5, 6
A2YGAEODJ5SSF6,  1, 15, 6
A2YGAEODJ5SSF6,  1, 39, 2
A2YGAEODJ5SSF6,  1, 20, 5
A2YGAEODJ5SSF6,  1, 34, 6
A2YGAEODJ5SSF6,  1, 28, 1
A2YGAEODJ5SSF6,  1, 8, 5
A2YGAEODJ5SSF6,  1, 42, 2
A2YGAEODJ5SSF6,  1, 19, 4
A2YGAEODJ5SSF6,  1, 13, 5
A2YGAEODJ5SSF6,  1, 33, 2
A2YGAEODJ5SSF6,  1, 44, 2
A2YGAEODJ5SSF6,  1, 18, 4
A2YGAEODJ5SSF6,  1, 26, 1
A2YGAEODJ5SSF6,  1, 37, 2
A2YGAEODJ5SSF6,  1, 14, 5
A2YGAEODJ5SSF6,  1, 17, 5
A2YGAEODJ5SSF6,  1, 1, 4
A2YGAEODJ5SSF6,  1, 7, 5
A2YGAEODJ5SSF6,  1, 25, 4
A2YGAEODJ5SSF6,  1, 36, 2
A2YGAEODJ5SSF6,  1, 24, 4
A2YGAEODJ5SSF6,  1, 27, 1
A2YGAEODJ5SSF6,  1, 38, 2
A2YGAEODJ5SSF6,  1, 22, 4
A2YGAEODJ5SSF6,  1, 23, 4
A2YGAEODJ5SSF6,  1, 43, 2
A2YGAEODJ5SSF6,  1, 16, 4
A2YGAEODJ5SSF6,  1, 11, 5
A2YGAEODJ5SSF6,  1, 12, 5
A2YGAEODJ5SSF6,  1, 30, 3
A2YGAEODJ5SSF6,  1, 41, 2
A2YGAEODJ5SSF6,  1, 9, 6
A2YGAEODJ5SSF6,  1, 40, 3
A2YGAEODJ5SSF6,  1, 3, 5
A2YGAEODJ5SSF6,  1, 2, 6
A3Q7M403ZI5OGN,  1, 39, 1
A3Q7M403ZI5OGN,  1, 25, 5
A3Q7M403ZI5OGN,  1, 14, 6
A3Q7M403ZI5OGN,  1, 5, 6
A3Q7M403ZI5OGN,  1, 20, 5
A3Q7M403ZI5OGN,  1, 6, 6
A3Q7M403ZI5OGN,  1, 38, 1
A3Q7M403ZI5OGN,  1, 41, 1
A3Q7M403ZI5OGN,  1, 17, 4
A3Q7M403ZI5OGN,  1, 9, 5
A3Q7M403ZI5OGN,  1, 12, 5
A3Q7M403ZI5OGN,  1, 18, 4
A3Q7M403ZI5OGN,  1, 42, 1
A3Q7M403ZI5OGN,  1, 27, 2
A3Q7M403ZI5OGN,  1, 40, 1
A3Q7M403ZI5OGN,  1, 2, 7
A3Q7M403ZI5OGN,  1, 43, 1
A3Q7M403ZI5OGN,  1, 28, 1
A3Q7M403ZI5OGN,  1, 30, 2
A3Q7M403ZI5OGN,  1, 37, 1
A3Q7M403ZI5OGN,  1, 35, 1
A3Q7M403ZI5OGN,  1, 11, 6
A3Q7M403ZI5OGN,  1, 19, 6
A3Q7M403ZI5OGN,  1, 36, 1
A3Q7M403ZI5OGN,  1, 34, 1
A3Q7M403ZI5OGN,  1, 26, 2
A3Q7M403ZI5OGN,  1, 29, 2
A3Q7M403ZI5OGN,  1, 45, 2
A3Q7M403ZI5OGN,  1, 24, 4
A3Q7M403ZI5OGN,  1, 22, 4
A3Q7M403ZI5OGN,  1, 13, 5
A3Q7M403ZI5OGN,  1, 10, 6
A3Q7M403ZI5OGN,  1, 4, 6
A3Q7M403ZI5OGN,  1, 21, 4
A3Q7M403ZI5OGN,  1, 15, 5
A3Q7M403ZI5OGN,  1, 31, 2
A3Q7M403ZI5OGN,  1, 32, 2
A3Q7M403ZI5OGN,  1, 33, 1
A3Q7M403ZI5OGN,  1, 44, 1
A3Q7M403ZI5OGN,  1, 23, 4
A3Q7M403ZI5OGN,  1, 7, 6
A3Q7M403ZI5OGN,  1, 3, 6
A3Q7M403ZI5OGN,  1, 16, 5
A3Q7M403ZI5OGN,  1, 8, 6
A3Q7M403ZI5OGN,  1, 1, 6
A3QL7Z531TXEHX,  0, 33, 3
A3QL7Z531TXEHX,  0, 32, 2
A3QL7Z531TXEHX,  0, 7, 7
A3QL7Z531TXEHX,  0, 8, 7
A3QL7Z531TXEHX,  0, 1, 5
A3QL7Z531TXEHX,  0, 23, 6
A3QL7Z531TXEHX,  0, 37, 2
A3QL7Z531TXEHX,  0, 31, 2
A3QL7Z531TXEHX,  0, 17, 6
A3QL7Z531TXEHX,  0, 30, 5
A3QL7Z531TXEHX,  0, 9, 3
A3QL7Z531TXEHX,  0, 36, 2
A3QL7Z531TXEHX,  0, 19, 5
A3QL7Z531TXEHX,  0, 4, 2
A3QL7Z531TXEHX,  0, 43, 1
A3QL7Z531TXEHX,  0, 20, 5
A3QL7Z531TXEHX,  0, 41, 1
A3QL7Z531TXEHX,  0, 44, 1
A3QL7Z531TXEHX,  0, 21, 5
A3QL7Z531TXEHX,  0, 3, 3
A3QL7Z531TXEHX,  0, 11, 5
A3QL7Z531TXEHX,  0, 18, 6
A3QL7Z531TXEHX,  0, 22, 6
A3QL7Z531TXEHX,  0, 35, 3
A3QL7Z531TXEHX,  0, 5, 4
A3QL7Z531TXEHX,  0, 45, 1
A3QL7Z531TXEHX,  0, 13, 6
A3QL7Z531TXEHX,  0, 6, 7
A3QL7Z531TXEHX,  0, 26, 4
A3QL7Z531TXEHX,  0, 40, 2
A3QL7Z531TXEHX,  0, 2, 6
A3QL7Z531TXEHX,  0, 28, 4
A3QL7Z531TXEHX,  0, 38, 3
A3QL7Z531TXEHX,  0, 24, 5
A3QL7Z531TXEHX,  0, 12, 6
A3QL7Z531TXEHX,  0, 25, 6
A3QL7Z531TXEHX,  0, 29, 6
A3QL7Z531TXEHX,  0, 14, 3
A3QL7Z531TXEHX,  0, 34, 2
A3QL7Z531TXEHX,  0, 10, 5
A3QL7Z531TXEHX,  0, 15, 6
A3QL7Z531TXEHX,  0, 39, 1
A3QL7Z531TXEHX,  0, 16, 5
A3QL7Z531TXEHX,  0, 42, 2
A3QL7Z531TXEHX,  0, 27, 5
AMA18W8F60Y2J,  1, 14, 4
AMA18W8F60Y2J,  1, 29, 1
AMA18W8F60Y2J,  1, 9, 7
AMA18W8F60Y2J,  1, 43, 4
AMA18W8F60Y2J,  1, 16, 4
AMA18W8F60Y2J,  1, 41, 1
AMA18W8F60Y2J,  1, 25, 4
AMA18W8F60Y2J,  1, 5, 7
AMA18W8F60Y2J,  1, 32, 1
AMA18W8F60Y2J,  1, 11, 4
AMA18W8F60Y2J,  1, 6, 1
AMA18W8F60Y2J,  1, 20, 4
AMA18W8F60Y2J,  1, 34, 1
AMA18W8F60Y2J,  1, 31, 1
AMA18W8F60Y2J,  1, 26, 1
AMA18W8F60Y2J,  1, 28, 1
AMA18W8F60Y2J,  1, 37, 4
AMA18W8F60Y2J,  1, 36, 2
AMA18W8F60Y2J,  1, 8, 4
AMA18W8F60Y2J,  1, 21, 4
AMA18W8F60Y2J,  1, 24, 4
AMA18W8F60Y2J,  1, 1, 7
AMA18W8F60Y2J,  1, 35, 1
AMA18W8F60Y2J,  1, 27, 1
AMA18W8F60Y2J,  1, 39, 1
AMA18W8F60Y2J,  1, 3, 4
AMA18W8F60Y2J,  1, 33, 1
AMA18W8F60Y2J,  1, 2, 4
AMA18W8F60Y2J,  1, 23, 4
AMA18W8F60Y2J,  1, 15, 7
AMA18W8F60Y2J,  1, 44, 3
AMA18W8F60Y2J,  1, 13, 4
AMA18W8F60Y2J,  1, 17, 4
AMA18W8F60Y2J,  1, 30, 1
AMA18W8F60Y2J,  1, 10, 4
AMA18W8F60Y2J,  1, 42, 1
AMA18W8F60Y2J,  1, 19, 4
AMA18W8F60Y2J,  1, 4, 4
AMA18W8F60Y2J,  1, 7, 4
AMA18W8F60Y2J,  1, 12, 4
AMA18W8F60Y2J,  1, 18, 3
AMA18W8F60Y2J,  1, 40, 1
AMA18W8F60Y2J,  1, 22, 4
AMA18W8F60Y2J,  1, 45, 1
AMA18W8F60Y2J,  1, 38, 1
ADT6AD3LK64AH,  0, 25, 5
ADT6AD3LK64AH,  0, 21, 4
ADT6AD3LK64AH,  0, 28, 6
ADT6AD3LK64AH,  0, 29, 3
ADT6AD3LK64AH,  0, 19, 5
ADT6AD3LK64AH,  0, 6, 2
ADT6AD3LK64AH,  0, 17, 4
ADT6AD3LK64AH,  0, 34, 6
ADT6AD3LK64AH,  0, 16, 5
ADT6AD3LK64AH,  0, 26, 7
ADT6AD3LK64AH,  0, 27, 5
ADT6AD3LK64AH,  0, 23, 3
ADT6AD3LK64AH,  0, 44, 5
ADT6AD3LK64AH,  0, 30, 4
ADT6AD3LK64AH,  0, 2, 2
ADT6AD3LK64AH,  0, 41, 6
ADT6AD3LK64AH,  0, 13, 6
ADT6AD3LK64AH,  0, 3, 2
ADT6AD3LK64AH,  0, 10, 5
ADT6AD3LK64AH,  0, 14, 6
ADT6AD3LK64AH,  0, 11, 5
ADT6AD3LK64AH,  0, 8, 6
ADT6AD3LK64AH,  0, 15, 4
ADT6AD3LK64AH,  0, 24, 6
ADT6AD3LK64AH,  0, 40, 7
ADT6AD3LK64AH,  0, 43, 5
ADT6AD3LK64AH,  0, 9, 5
ADT6AD3LK64AH,  0, 31, 6
ADT6AD3LK64AH,  0, 4, 2
ADT6AD3LK64AH,  0, 7, 6
ADT6AD3LK64AH,  0, 20, 6
ADT6AD3LK64AH,  0, 32, 6
ADT6AD3LK64AH,  0, 45, 5
ADT6AD3LK64AH,  0, 12, 7
ADT6AD3LK64AH,  0, 36, 5
ADT6AD3LK64AH,  0, 37, 5
ADT6AD3LK64AH,  0, 18, 6
ADT6AD3LK64AH,  0, 1, 3
ADT6AD3LK64AH,  0, 22, 5
ADT6AD3LK64AH,  0, 42, 4
ADT6AD3LK64AH,  0, 5, 3
ADT6AD3LK64AH,  0, 38, 6
ADT6AD3LK64AH,  0, 33, 3
ADT6AD3LK64AH,  0, 35, 6
ADT6AD3LK64AH,  0, 39, 6
A3BJNFU4T7RU11,  1, 26, 6
A3BJNFU4T7RU11,  1, 7, 6
A3BJNFU4T7RU11,  1, 30, 4
A3BJNFU4T7RU11,  1, 45, 2
A3BJNFU4T7RU11,  1, 8, 1
A3BJNFU4T7RU11,  1, 9, 1
A3BJNFU4T7RU11,  1, 43, 2
A3BJNFU4T7RU11,  1, 40, 3
A3BJNFU4T7RU11,  1, 13, 3
A3BJNFU4T7RU11,  1, 5, 2
A3BJNFU4T7RU11,  1, 11, 4
A3BJNFU4T7RU11,  1, 41, 3
A3BJNFU4T7RU11,  1, 2, 2
A3BJNFU4T7RU11,  1, 27, 4
A3BJNFU4T7RU11,  1, 36, 6
A3BJNFU4T7RU11,  1, 10, 4
A3BJNFU4T7RU11,  1, 3, 3
A3BJNFU4T7RU11,  1, 33, 2
A3BJNFU4T7RU11,  1, 34, 2
A3BJNFU4T7RU11,  1, 20, 4
A3BJNFU4T7RU11,  1, 19, 6
A3BJNFU4T7RU11,  1, 25, 5
A3BJNFU4T7RU11,  1, 39, 2
A3BJNFU4T7RU11,  1, 37, 2
A3BJNFU4T7RU11,  1, 42, 3
A3BJNFU4T7RU11,  1, 1, 5
A3BJNFU4T7RU11,  1, 31, 3
A3BJNFU4T7RU11,  1, 4, 6
A3BJNFU4T7RU11,  1, 12, 6
A3BJNFU4T7RU11,  1, 28, 2
A3BJNFU4T7RU11,  1, 6, 2
A3BJNFU4T7RU11,  1, 22, 7
A3BJNFU4T7RU11,  1, 15, 6
A3BJNFU4T7RU11,  1, 17, 6
A3BJNFU4T7RU11,  1, 21, 5
A3BJNFU4T7RU11,  1, 18, 7
A3BJNFU4T7RU11,  1, 23, 7
A3BJNFU4T7RU11,  1, 44, 2
A3BJNFU4T7RU11,  1, 29, 2
A3BJNFU4T7RU11,  1, 16, 7
A3BJNFU4T7RU11,  1, 32, 3
A3BJNFU4T7RU11,  1, 38, 1
A3BJNFU4T7RU11,  1, 14, 6
A3BJNFU4T7RU11,  1, 24, 7
A3BJNFU4T7RU11,  1, 35, 3
A3N0QZ9ZKUCTCQ,  1, 29, 3
A3N0QZ9ZKUCTCQ,  1, 6, 6
A3N0QZ9ZKUCTCQ,  1, 31, 2
A3N0QZ9ZKUCTCQ,  1, 37, 3
A3N0QZ9ZKUCTCQ,  1, 11, 5
A3N0QZ9ZKUCTCQ,  1, 26, 3
A3N0QZ9ZKUCTCQ,  1, 35, 2
A3N0QZ9ZKUCTCQ,  1, 21, 4
A3N0QZ9ZKUCTCQ,  1, 16, 5
A3N0QZ9ZKUCTCQ,  1, 5, 6
A3N0QZ9ZKUCTCQ,  1, 28, 3
A3N0QZ9ZKUCTCQ,  1, 8, 6
A3N0QZ9ZKUCTCQ,  1, 12, 4
A3N0QZ9ZKUCTCQ,  1, 18, 4
A3N0QZ9ZKUCTCQ,  1, 43, 2
A3N0QZ9ZKUCTCQ,  1, 38, 3
A3N0QZ9ZKUCTCQ,  1, 30, 4
A3N0QZ9ZKUCTCQ,  1, 25, 4
A3N0QZ9ZKUCTCQ,  1, 45, 2
A3N0QZ9ZKUCTCQ,  1, 20, 4
A3N0QZ9ZKUCTCQ,  1, 23, 4
A3N0QZ9ZKUCTCQ,  1, 32, 3
A3N0QZ9ZKUCTCQ,  1, 4, 6
A3N0QZ9ZKUCTCQ,  1, 14, 4
A3N0QZ9ZKUCTCQ,  1, 19, 4
A3N0QZ9ZKUCTCQ,  1, 41, 2
A3N0QZ9ZKUCTCQ,  1, 40, 3
A3N0QZ9ZKUCTCQ,  1, 17, 4
A3N0QZ9ZKUCTCQ,  1, 44, 3
A3N0QZ9ZKUCTCQ,  1, 34, 1
A3N0QZ9ZKUCTCQ,  1, 24, 4
A3N0QZ9ZKUCTCQ,  1, 22, 4
A3N0QZ9ZKUCTCQ,  1, 27, 1
A3N0QZ9ZKUCTCQ,  1, 39, 3
A3N0QZ9ZKUCTCQ,  1, 9, 6
A3N0QZ9ZKUCTCQ,  1, 33, 2
A3N0QZ9ZKUCTCQ,  1, 15, 7
A3N0QZ9ZKUCTCQ,  1, 10, 6
A3N0QZ9ZKUCTCQ,  1, 13, 4
A3N0QZ9ZKUCTCQ,  1, 7, 6
A3N0QZ9ZKUCTCQ,  1, 42, 2
A3N0QZ9ZKUCTCQ,  1, 2, 5
A3N0QZ9ZKUCTCQ,  1, 1, 7
A3N0QZ9ZKUCTCQ,  1, 3, 6
A3N0QZ9ZKUCTCQ,  1, 36, 3
ABO9F0JD9NN54,  0, 15, 7
ABO9F0JD9NN54,  0, 26, 6
ABO9F0JD9NN54,  0, 10, 5
ABO9F0JD9NN54,  0, 20, 5
ABO9F0JD9NN54,  0, 39, 2
ABO9F0JD9NN54,  0, 11, 6
ABO9F0JD9NN54,  0, 12, 7
ABO9F0JD9NN54,  0, 29, 5
ABO9F0JD9NN54,  0, 36, 4
ABO9F0JD9NN54,  0, 45, 3
ABO9F0JD9NN54,  0, 19, 6
ABO9F0JD9NN54,  0, 21, 6
ABO9F0JD9NN54,  0, 13, 6
ABO9F0JD9NN54,  0, 40, 5
ABO9F0JD9NN54,  0, 18, 6
ABO9F0JD9NN54,  0, 5, 5
ABO9F0JD9NN54,  0, 8, 5
ABO9F0JD9NN54,  0, 22, 5
ABO9F0JD9NN54,  0, 42, 3
ABO9F0JD9NN54,  0, 24, 6
ABO9F0JD9NN54,  0, 32, 4
ABO9F0JD9NN54,  0, 1, 5
ABO9F0JD9NN54,  0, 37, 4
ABO9F0JD9NN54,  0, 17, 5
ABO9F0JD9NN54,  0, 16, 5
ABO9F0JD9NN54,  0, 27, 6
ABO9F0JD9NN54,  0, 6, 5
ABO9F0JD9NN54,  0, 41, 3
ABO9F0JD9NN54,  0, 43, 3
ABO9F0JD9NN54,  0, 25, 4
ABO9F0JD9NN54,  0, 3, 4
ABO9F0JD9NN54,  0, 7, 6
ABO9F0JD9NN54,  0, 30, 5
ABO9F0JD9NN54,  0, 28, 5
ABO9F0JD9NN54,  0, 14, 5
ABO9F0JD9NN54,  0, 33, 4
ABO9F0JD9NN54,  0, 31, 4
ABO9F0JD9NN54,  0, 44, 3
ABO9F0JD9NN54,  0, 38, 3
ABO9F0JD9NN54,  0, 23, 6
ABO9F0JD9NN54,  0, 34, 4
ABO9F0JD9NN54,  0, 4, 6
ABO9F0JD9NN54,  0, 9, 6
ABO9F0JD9NN54,  0, 2, 6
ABO9F0JD9NN54,  0, 35, 6
A3OLRWACCCCUTU,  1, 39, 1
A3OLRWACCCCUTU,  1, 25, 4
A3OLRWACCCCUTU,  1, 30, 2
A3OLRWACCCCUTU,  1, 34, 1
A3OLRWACCCCUTU,  1, 35, 1
A3OLRWACCCCUTU,  1, 44, 3
A3OLRWACCCCUTU,  1, 19, 7
A3OLRWACCCCUTU,  1, 31, 1
A3OLRWACCCCUTU,  1, 40, 1
A3OLRWACCCCUTU,  1, 21, 5
A3OLRWACCCCUTU,  1, 12, 7
A3OLRWACCCCUTU,  1, 33, 1
A3OLRWACCCCUTU,  1, 7, 5
A3OLRWACCCCUTU,  1, 11, 3
A3OLRWACCCCUTU,  1, 2, 4
A3OLRWACCCCUTU,  1, 6, 4
A3OLRWACCCCUTU,  1, 36, 1
A3OLRWACCCCUTU,  1, 8, 6
A3OLRWACCCCUTU,  1, 24, 3
A3OLRWACCCCUTU,  1, 18, 6
A3OLRWACCCCUTU,  1, 14, 6
A3OLRWACCCCUTU,  1, 5, 4
A3OLRWACCCCUTU,  1, 4, 5
A3OLRWACCCCUTU,  1, 10, 7
A3OLRWACCCCUTU,  1, 22, 7
A3OLRWACCCCUTU,  1, 26, 1
A3OLRWACCCCUTU,  1, 42, 1
A3OLRWACCCCUTU,  1, 45, 2
A3OLRWACCCCUTU,  1, 17, 7
A3OLRWACCCCUTU,  1, 20, 6
A3OLRWACCCCUTU,  1, 37, 1
A3OLRWACCCCUTU,  1, 1, 5
A3OLRWACCCCUTU,  1, 16, 7
A3OLRWACCCCUTU,  1, 27, 2
A3OLRWACCCCUTU,  1, 38, 1
A3OLRWACCCCUTU,  1, 43, 1
A3OLRWACCCCUTU,  1, 28, 1
A3OLRWACCCCUTU,  1, 29, 3
A3OLRWACCCCUTU,  1, 15, 7
A3OLRWACCCCUTU,  1, 9, 6
A3OLRWACCCCUTU,  1, 13, 7
A3OLRWACCCCUTU,  1, 41, 2
A3OLRWACCCCUTU,  1, 23, 7
A3OLRWACCCCUTU,  1, 32, 2
A3OLRWACCCCUTU,  1, 3, 4
A5TI9UQEPLNWI,  1, 34, 2
A5TI9UQEPLNWI,  1, 19, 4
A5TI9UQEPLNWI,  1, 8, 5
A5TI9UQEPLNWI,  1, 14, 5
A5TI9UQEPLNWI,  1, 15, 6
A5TI9UQEPLNWI,  1, 18, 4
A5TI9UQEPLNWI,  1, 25, 3
A5TI9UQEPLNWI,  1, 21, 5
A5TI9UQEPLNWI,  1, 28, 1
A5TI9UQEPLNWI,  1, 17, 6
A5TI9UQEPLNWI,  1, 24, 5
A5TI9UQEPLNWI,  1, 13, 3
A5TI9UQEPLNWI,  1, 35, 1
A5TI9UQEPLNWI,  1, 6, 6
A5TI9UQEPLNWI,  1, 12, 6
A5TI9UQEPLNWI,  1, 44, 1
A5TI9UQEPLNWI,  1, 23, 4
A5TI9UQEPLNWI,  1, 7, 7
A5TI9UQEPLNWI,  1, 42, 2
A5TI9UQEPLNWI,  1, 29, 2
A5TI9UQEPLNWI,  1, 31, 1
A5TI9UQEPLNWI,  1, 32, 3
A5TI9UQEPLNWI,  1, 36, 2
A5TI9UQEPLNWI,  1, 45, 2
A5TI9UQEPLNWI,  1, 5, 7
A5TI9UQEPLNWI,  1, 16, 4
A5TI9UQEPLNWI,  1, 43, 1
A5TI9UQEPLNWI,  1, 1, 5
A5TI9UQEPLNWI,  1, 10, 5
A5TI9UQEPLNWI,  1, 9, 5
A5TI9UQEPLNWI,  1, 4, 4
A5TI9UQEPLNWI,  1, 39, 1
A5TI9UQEPLNWI,  1, 38, 2
A5TI9UQEPLNWI,  1, 26, 2
A5TI9UQEPLNWI,  1, 40, 2
A5TI9UQEPLNWI,  1, 22, 4
A5TI9UQEPLNWI,  1, 2, 5
A5TI9UQEPLNWI,  1, 33, 3
A5TI9UQEPLNWI,  1, 3, 4
A5TI9UQEPLNWI,  1, 27, 2
A5TI9UQEPLNWI,  1, 11, 4
A5TI9UQEPLNWI,  1, 30, 2
A5TI9UQEPLNWI,  1, 20, 5
A5TI9UQEPLNWI,  1, 37, 2
A5TI9UQEPLNWI,  1, 41, 2
A1KH1O9AZ7S642,  0, 44, 2
A1KH1O9AZ7S642,  0, 40, 6
A1KH1O9AZ7S642,  0, 6, 6
A1KH1O9AZ7S642,  0, 29, 4
A1KH1O9AZ7S642,  0, 32, 4
A1KH1O9AZ7S642,  0, 26, 2
A1KH1O9AZ7S642,  0, 23, 3
A1KH1O9AZ7S642,  0, 37, 3
A1KH1O9AZ7S642,  0, 3, 3
A1KH1O9AZ7S642,  0, 15, 5
A1KH1O9AZ7S642,  0, 20, 3
A1KH1O9AZ7S642,  0, 14, 3
A1KH1O9AZ7S642,  0, 31, 3
A1KH1O9AZ7S642,  0, 2, 5
A1KH1O9AZ7S642,  0, 19, 5
A1KH1O9AZ7S642,  0, 16, 5
A1KH1O9AZ7S642,  0, 5, 5
A1KH1O9AZ7S642,  0, 27, 5
A1KH1O9AZ7S642,  0, 1, 3
A1KH1O9AZ7S642,  0, 7, 5
A1KH1O9AZ7S642,  0, 21, 4
A1KH1O9AZ7S642,  0, 13, 4
A1KH1O9AZ7S642,  0, 30, 5
A1KH1O9AZ7S642,  0, 17, 3
A1KH1O9AZ7S642,  0, 38, 1
A1KH1O9AZ7S642,  0, 33, 1
A1KH1O9AZ7S642,  0, 22, 7
A1KH1O9AZ7S642,  0, 43, 1
A1KH1O9AZ7S642,  0, 24, 7
A1KH1O9AZ7S642,  0, 4, 1
A1KH1O9AZ7S642,  0, 34, 1
A1KH1O9AZ7S642,  0, 28, 7
A1KH1O9AZ7S642,  0, 36, 1
A1KH1O9AZ7S642,  0, 11, 7
A1KH1O9AZ7S642,  0, 18, 7
A1KH1O9AZ7S642,  0, 42, 1
A1KH1O9AZ7S642,  0, 8, 7
A1KH1O9AZ7S642,  0, 35, 1
A1KH1O9AZ7S642,  0, 10, 7
A1KH1O9AZ7S642,  0, 45, 1
A1KH1O9AZ7S642,  0, 39, 1
A1KH1O9AZ7S642,  0, 41, 1
A1KH1O9AZ7S642,  0, 9, 7
A1KH1O9AZ7S642,  0, 25, 7
A1KH1O9AZ7S642,  0, 12, 7
A11YS0T8MV3Q7C,  1, 38, 4
A11YS0T8MV3Q7C,  1, 42, 2
A11YS0T8MV3Q7C,  1, 44, 3
A11YS0T8MV3Q7C,  1, 24, 4
A11YS0T8MV3Q7C,  1, 7, 4
A11YS0T8MV3Q7C,  1, 21, 4
A11YS0T8MV3Q7C,  1, 27, 1
A11YS0T8MV3Q7C,  1, 8, 4
A11YS0T8MV3Q7C,  1, 33, 2
A11YS0T8MV3Q7C,  1, 39, 2
A11YS0T8MV3Q7C,  1, 4, 5
A11YS0T8MV3Q7C,  1, 29, 2
A11YS0T8MV3Q7C,  1, 16, 4
A11YS0T8MV3Q7C,  1, 5, 6
A11YS0T8MV3Q7C,  1, 2, 4
A11YS0T8MV3Q7C,  1, 30, 1
A11YS0T8MV3Q7C,  1, 40, 1
A11YS0T8MV3Q7C,  1, 22, 4
A11YS0T8MV3Q7C,  1, 23, 4
A11YS0T8MV3Q7C,  1, 17, 5
A11YS0T8MV3Q7C,  1, 9, 6
A11YS0T8MV3Q7C,  1, 10, 5
A11YS0T8MV3Q7C,  1, 26, 1
A11YS0T8MV3Q7C,  1, 31, 2
A11YS0T8MV3Q7C,  1, 35, 3
A11YS0T8MV3Q7C,  1, 20, 4
A11YS0T8MV3Q7C,  1, 28, 1
A11YS0T8MV3Q7C,  1, 1, 5
A11YS0T8MV3Q7C,  1, 18, 4
A11YS0T8MV3Q7C,  1, 19, 4
A11YS0T8MV3Q7C,  1, 6, 4
A11YS0T8MV3Q7C,  1, 14, 4
A11YS0T8MV3Q7C,  1, 36, 4
A11YS0T8MV3Q7C,  1, 11, 4
A11YS0T8MV3Q7C,  1, 41, 3
A11YS0T8MV3Q7C,  1, 15, 4
A11YS0T8MV3Q7C,  1, 12, 4
A11YS0T8MV3Q7C,  1, 32, 3
A11YS0T8MV3Q7C,  1, 34, 4
A11YS0T8MV3Q7C,  1, 45, 3
A11YS0T8MV3Q7C,  1, 43, 3
A11YS0T8MV3Q7C,  1, 37, 3
A11YS0T8MV3Q7C,  1, 3, 5
A11YS0T8MV3Q7C,  1, 13, 4
A11YS0T8MV3Q7C,  1, 25, 4
A2YCMT5BPA0AG9,  1, 11, 6
A2YCMT5BPA0AG9,  1, 23, 4
A2YCMT5BPA0AG9,  1, 40, 1
A2YCMT5BPA0AG9,  1, 19, 5
A2YCMT5BPA0AG9,  1, 24, 4
A2YCMT5BPA0AG9,  1, 22, 4
A2YCMT5BPA0AG9,  1, 13, 6
A2YCMT5BPA0AG9,  1, 12, 6
A2YCMT5BPA0AG9,  1, 8, 5
A2YCMT5BPA0AG9,  1, 37, 2
A2YCMT5BPA0AG9,  1, 16, 4
A2YCMT5BPA0AG9,  1, 44, 2
A2YCMT5BPA0AG9,  1, 5, 6
A2YCMT5BPA0AG9,  1, 1, 5
A2YCMT5BPA0AG9,  1, 31, 2
A2YCMT5BPA0AG9,  1, 3, 6
A2YCMT5BPA0AG9,  1, 32, 3
A2YCMT5BPA0AG9,  1, 17, 4
A2YCMT5BPA0AG9,  1, 4, 5
A2YCMT5BPA0AG9,  1, 27, 3
A2YCMT5BPA0AG9,  1, 43, 2
A2YCMT5BPA0AG9,  1, 33, 3
A2YCMT5BPA0AG9,  1, 29, 2
A2YCMT5BPA0AG9,  1, 20, 4
A2YCMT5BPA0AG9,  1, 6, 6
A2YCMT5BPA0AG9,  1, 35, 2
A2YCMT5BPA0AG9,  1, 41, 1
A2YCMT5BPA0AG9,  1, 30, 2
A2YCMT5BPA0AG9,  1, 15, 4
A2YCMT5BPA0AG9,  1, 34, 3
A2YCMT5BPA0AG9,  1, 38, 3
A2YCMT5BPA0AG9,  1, 39, 2
A2YCMT5BPA0AG9,  1, 26, 1
A2YCMT5BPA0AG9,  1, 14, 4
A2YCMT5BPA0AG9,  1, 10, 5
A2YCMT5BPA0AG9,  1, 36, 2
A2YCMT5BPA0AG9,  1, 2, 6
A2YCMT5BPA0AG9,  1, 18, 4
A2YCMT5BPA0AG9,  1, 28, 1
A2YCMT5BPA0AG9,  1, 9, 5
A2YCMT5BPA0AG9,  1, 7, 4
A2YCMT5BPA0AG9,  1, 21, 4
A2YCMT5BPA0AG9,  1, 25, 4
A2YCMT5BPA0AG9,  1, 45, 2
A2YCMT5BPA0AG9,  1, 42, 2
A2ADEPVGNNXNPA,  0, 7, 7
A2ADEPVGNNXNPA,  0, 5, 7
A2ADEPVGNNXNPA,  0, 32, 4
A2ADEPVGNNXNPA,  0, 27, 4
A2ADEPVGNNXNPA,  0, 6, 7
A2ADEPVGNNXNPA,  0, 23, 5
A2ADEPVGNNXNPA,  0, 45, 2
A2ADEPVGNNXNPA,  0, 38, 2
A2ADEPVGNNXNPA,  0, 35, 5
A2ADEPVGNNXNPA,  0, 10, 7
A2ADEPVGNNXNPA,  0, 19, 5
A2ADEPVGNNXNPA,  0, 18, 6
A2ADEPVGNNXNPA,  0, 14, 5
A2ADEPVGNNXNPA,  0, 2, 2
A2ADEPVGNNXNPA,  0, 33, 5
A2ADEPVGNNXNPA,  0, 39, 1
A2ADEPVGNNXNPA,  0, 21, 3
A2ADEPVGNNXNPA,  0, 36, 2
A2ADEPVGNNXNPA,  0, 37, 1
A2ADEPVGNNXNPA,  0, 24, 6
A2ADEPVGNNXNPA,  0, 30, 6
A2ADEPVGNNXNPA,  0, 17, 2
A2ADEPVGNNXNPA,  0, 41, 1
A2ADEPVGNNXNPA,  0, 44, 2
A2ADEPVGNNXNPA,  0, 25, 4
A2ADEPVGNNXNPA,  0, 42, 2
A2ADEPVGNNXNPA,  0, 11, 7
A2ADEPVGNNXNPA,  0, 43, 2
A2ADEPVGNNXNPA,  0, 15, 4
A2ADEPVGNNXNPA,  0, 20, 5
A2ADEPVGNNXNPA,  0, 9, 6
A2ADEPVGNNXNPA,  0, 31, 3
A2ADEPVGNNXNPA,  0, 40, 5
A2ADEPVGNNXNPA,  0, 3, 5
A2ADEPVGNNXNPA,  0, 16, 5
A2ADEPVGNNXNPA,  0, 12, 4
A2ADEPVGNNXNPA,  0, 29, 4
A2ADEPVGNNXNPA,  0, 4, 7
A2ADEPVGNNXNPA,  0, 13, 5
A2ADEPVGNNXNPA,  0, 1, 6
A2ADEPVGNNXNPA,  0, 26, 5
A2ADEPVGNNXNPA,  0, 8, 7
A2ADEPVGNNXNPA,  0, 34, 2
A2ADEPVGNNXNPA,  0, 28, 5
A2ADEPVGNNXNPA,  0, 22, 4
A34PK1C7TPHWG3,  0, 26, 4
A34PK1C7TPHWG3,  0, 8, 6
A34PK1C7TPHWG3,  0, 3, 7
A34PK1C7TPHWG3,  0, 6, 6
A34PK1C7TPHWG3,  0, 20, 4
A34PK1C7TPHWG3,  0, 38, 5
A34PK1C7TPHWG3,  0, 27, 5
A34PK1C7TPHWG3,  0, 13, 6
A34PK1C7TPHWG3,  0, 12, 4
A34PK1C7TPHWG3,  0, 39, 4
A34PK1C7TPHWG3,  0, 9, 6
A34PK1C7TPHWG3,  0, 16, 4
A34PK1C7TPHWG3,  0, 21, 4
A34PK1C7TPHWG3,  0, 28, 5
A34PK1C7TPHWG3,  0, 15, 3
A34PK1C7TPHWG3,  0, 44, 7
A34PK1C7TPHWG3,  0, 32, 3
A34PK1C7TPHWG3,  0, 25, 4
A34PK1C7TPHWG3,  0, 23, 4
A34PK1C7TPHWG3,  0, 37, 7
A34PK1C7TPHWG3,  0, 22, 6
A34PK1C7TPHWG3,  0, 4, 7
A34PK1C7TPHWG3,  0, 19, 6
A34PK1C7TPHWG3,  0, 29, 6
A34PK1C7TPHWG3,  0, 35, 6
A34PK1C7TPHWG3,  0, 1, 7
A34PK1C7TPHWG3,  0, 10, 7
A34PK1C7TPHWG3,  0, 18, 6
A34PK1C7TPHWG3,  0, 41, 7
A34PK1C7TPHWG3,  0, 14, 7
A34PK1C7TPHWG3,  0, 40, 5
A34PK1C7TPHWG3,  0, 30, 4
A34PK1C7TPHWG3,  0, 11, 6
A34PK1C7TPHWG3,  0, 36, 6
A34PK1C7TPHWG3,  0, 45, 6
A34PK1C7TPHWG3,  0, 7, 7
A34PK1C7TPHWG3,  0, 5, 7
A34PK1C7TPHWG3,  0, 24, 2
A34PK1C7TPHWG3,  0, 17, 2
A34PK1C7TPHWG3,  0, 43, 6
A34PK1C7TPHWG3,  0, 33, 5
A34PK1C7TPHWG3,  0, 34, 6
A34PK1C7TPHWG3,  0, 42, 7
A34PK1C7TPHWG3,  0, 31, 1
A34PK1C7TPHWG3,  0, 2, 7
A2F7I73MT6L4CI,  0, 9, 7
A2F7I73MT6L4CI,  0, 33, 4
A2F7I73MT6L4CI,  0, 27, 5
A2F7I73MT6L4CI,  0, 26, 5
A2F7I73MT6L4CI,  0, 17, 7
A2F7I73MT6L4CI,  0, 20, 7
A2F7I73MT6L4CI,  0, 39, 2
A2F7I73MT6L4CI,  0, 14, 6
A2F7I73MT6L4CI,  0, 36, 4
A2F7I73MT6L4CI,  0, 38, 5
A2F7I73MT6L4CI,  0, 11, 7
A2F7I73MT6L4CI,  0, 12, 7
A2F7I73MT6L4CI,  0, 7, 7
A2F7I73MT6L4CI,  0, 6, 7
A2F7I73MT6L4CI,  0, 16, 4
A2F7I73MT6L4CI,  0, 43, 2
A2F7I73MT6L4CI,  0, 10, 7
A2F7I73MT6L4CI,  0, 24, 4
A2F7I73MT6L4CI,  0, 2, 7
A2F7I73MT6L4CI,  0, 8, 6
A2F7I73MT6L4CI,  0, 30, 4
A2F7I73MT6L4CI,  0, 23, 4
A2F7I73MT6L4CI,  0, 31, 3
A2F7I73MT6L4CI,  0, 34, 4
A2F7I73MT6L4CI,  0, 5, 7
A2F7I73MT6L4CI,  0, 45, 1
A2F7I73MT6L4CI,  0, 28, 4
A2F7I73MT6L4CI,  0, 35, 4
A2F7I73MT6L4CI,  0, 15, 6
A2F7I73MT6L4CI,  0, 44, 1
A2F7I73MT6L4CI,  0, 42, 2
A2F7I73MT6L4CI,  0, 19, 4
A2F7I73MT6L4CI,  0, 37, 3
A2F7I73MT6L4CI,  0, 3, 7
A2F7I73MT6L4CI,  0, 40, 2
A2F7I73MT6L4CI,  0, 13, 5
A2F7I73MT6L4CI,  0, 41, 2
A2F7I73MT6L4CI,  0, 1, 7
A2F7I73MT6L4CI,  0, 22, 4
A2F7I73MT6L4CI,  0, 21, 4
A2F7I73MT6L4CI,  0, 29, 4
A2F7I73MT6L4CI,  0, 18, 5
A2F7I73MT6L4CI,  0, 4, 7
A2F7I73MT6L4CI,  0, 32, 4
A2F7I73MT6L4CI,  0, 25, 4
A1ME089VLGOBBI,  0, 6, 6
A1ME089VLGOBBI,  0, 22, 6
A1ME089VLGOBBI,  0, 13, 7
A1ME089VLGOBBI,  0, 21, 5
A1ME089VLGOBBI,  0, 12, 6
A1ME089VLGOBBI,  0, 8, 7
A1ME089VLGOBBI,  0, 40, 2
A1ME089VLGOBBI,  0, 3, 5
A1ME089VLGOBBI,  0, 36, 2
A1ME089VLGOBBI,  0, 16, 4
A1ME089VLGOBBI,  0, 19, 6
A1ME089VLGOBBI,  0, 15, 6
A1ME089VLGOBBI,  0, 1, 7
A1ME089VLGOBBI,  0, 20, 5
A1ME089VLGOBBI,  0, 38, 3
A1ME089VLGOBBI,  0, 34, 4
A1ME089VLGOBBI,  0, 10, 6
A1ME089VLGOBBI,  0, 18, 7
A1ME089VLGOBBI,  0, 2, 7
A1ME089VLGOBBI,  0, 42, 3
A1ME089VLGOBBI,  0, 33, 4
A1ME089VLGOBBI,  0, 45, 1
A1ME089VLGOBBI,  0, 11, 6
A1ME089VLGOBBI,  0, 24, 6
A1ME089VLGOBBI,  0, 26, 6
A1ME089VLGOBBI,  0, 23, 5
A1ME089VLGOBBI,  0, 30, 6
A1ME089VLGOBBI,  0, 17, 6
A1ME089VLGOBBI,  0, 4, 7
A1ME089VLGOBBI,  0, 9, 5
A1ME089VLGOBBI,  0, 29, 4
A1ME089VLGOBBI,  0, 5, 6
A1ME089VLGOBBI,  0, 41, 2
A1ME089VLGOBBI,  0, 43, 1
A1ME089VLGOBBI,  0, 28, 4
A1ME089VLGOBBI,  0, 31, 3
A1ME089VLGOBBI,  0, 7, 6
A1ME089VLGOBBI,  0, 37, 2
A1ME089VLGOBBI,  0, 27, 6
A1ME089VLGOBBI,  0, 14, 6
A1ME089VLGOBBI,  0, 39, 2
A1ME089VLGOBBI,  0, 32, 2
A1ME089VLGOBBI,  0, 25, 4
A1ME089VLGOBBI,  0, 35, 2
A1ME089VLGOBBI,  0, 44, 1
A2MKUZ0K3S7NQU,  0, 33, 5
A2MKUZ0K3S7NQU,  0, 13, 2
A2MKUZ0K3S7NQU,  0, 19, 2
A2MKUZ0K3S7NQU,  0, 35, 2
A2MKUZ0K3S7NQU,  0, 41, 3
A2MKUZ0K3S7NQU,  0, 18, 6
A2MKUZ0K3S7NQU,  0, 22, 3
A2MKUZ0K3S7NQU,  0, 17, 6
A2MKUZ0K3S7NQU,  0, 15, 5
A2MKUZ0K3S7NQU,  0, 37, 1
A2MKUZ0K3S7NQU,  0, 12, 5
A2MKUZ0K3S7NQU,  0, 20, 2
A2MKUZ0K3S7NQU,  0, 16, 6
A2MKUZ0K3S7NQU,  0, 44, 2
A2MKUZ0K3S7NQU,  0, 24, 1
A2MKUZ0K3S7NQU,  0, 11, 7
A2MKUZ0K3S7NQU,  0, 34, 1
A2MKUZ0K3S7NQU,  0, 31, 1
A2MKUZ0K3S7NQU,  0, 43, 1
A2MKUZ0K3S7NQU,  0, 1, 7
A2MKUZ0K3S7NQU,  0, 6, 6
A2MKUZ0K3S7NQU,  0, 39, 6
A2MKUZ0K3S7NQU,  0, 5, 7
A2MKUZ0K3S7NQU,  0, 30, 6
A2MKUZ0K3S7NQU,  0, 40, 2
A2MKUZ0K3S7NQU,  0, 32, 1
A2MKUZ0K3S7NQU,  0, 7, 6
A2MKUZ0K3S7NQU,  0, 10, 6
A2MKUZ0K3S7NQU,  0, 9, 7
A2MKUZ0K3S7NQU,  0, 2, 6
A2MKUZ0K3S7NQU,  0, 8, 7
A2MKUZ0K3S7NQU,  0, 14, 6
A2MKUZ0K3S7NQU,  0, 21, 7
A2MKUZ0K3S7NQU,  0, 25, 1
A2MKUZ0K3S7NQU,  0, 26, 4
A2MKUZ0K3S7NQU,  0, 42, 2
A2MKUZ0K3S7NQU,  0, 45, 1
A2MKUZ0K3S7NQU,  0, 3, 6
A2MKUZ0K3S7NQU,  0, 36, 3
A2MKUZ0K3S7NQU,  0, 38, 2
A2MKUZ0K3S7NQU,  0, 27, 7
A2MKUZ0K3S7NQU,  0, 4, 7
A2MKUZ0K3S7NQU,  0, 23, 2
A2MKUZ0K3S7NQU,  0, 28, 6
A2MKUZ0K3S7NQU,  0, 29, 4
A2OO4PG3LBLP5I,  1, 8, 5
A2OO4PG3LBLP5I,  1, 26, 3
A2OO4PG3LBLP5I,  1, 38, 2
A2OO4PG3LBLP5I,  1, 39, 2
A2OO4PG3LBLP5I,  1, 31, 2
A2OO4PG3LBLP5I,  1, 27, 4
A2OO4PG3LBLP5I,  1, 40, 2
A2OO4PG3LBLP5I,  1, 28, 2
A2OO4PG3LBLP5I,  1, 9, 6
A2OO4PG3LBLP5I,  1, 25, 4
A2OO4PG3LBLP5I,  1, 16, 5
A2OO4PG3LBLP5I,  1, 24, 4
A2OO4PG3LBLP5I,  1, 45, 2
A2OO4PG3LBLP5I,  1, 37, 2
A2OO4PG3LBLP5I,  1, 15, 4
A2OO4PG3LBLP5I,  1, 4, 6
A2OO4PG3LBLP5I,  1, 44, 3
A2OO4PG3LBLP5I,  1, 30, 4
A2OO4PG3LBLP5I,  1, 33, 2
A2OO4PG3LBLP5I,  1, 1, 5
A2OO4PG3LBLP5I,  1, 7, 5
A2OO4PG3LBLP5I,  1, 21, 4
A2OO4PG3LBLP5I,  1, 35, 3
A2OO4PG3LBLP5I,  1, 20, 5
A2OO4PG3LBLP5I,  1, 11, 4
A2OO4PG3LBLP5I,  1, 32, 4
A2OO4PG3LBLP5I,  1, 18, 4
A2OO4PG3LBLP5I,  1, 2, 6
A2OO4PG3LBLP5I,  1, 6, 6
A2OO4PG3LBLP5I,  1, 13, 6
A2OO4PG3LBLP5I,  1, 36, 2
A2OO4PG3LBLP5I,  1, 34, 4
A2OO4PG3LBLP5I,  1, 10, 6
A2OO4PG3LBLP5I,  1, 43, 4
A2OO4PG3LBLP5I,  1, 12, 4
A2OO4PG3LBLP5I,  1, 17, 6
A2OO4PG3LBLP5I,  1, 42, 2
A2OO4PG3LBLP5I,  1, 41, 3
A2OO4PG3LBLP5I,  1, 19, 4
A2OO4PG3LBLP5I,  1, 29, 3
A2OO4PG3LBLP5I,  1, 5, 5
A2OO4PG3LBLP5I,  1, 22, 4
A2OO4PG3LBLP5I,  1, 3, 5
A2OO4PG3LBLP5I,  1, 23, 3
A2OO4PG3LBLP5I,  1, 14, 5
A3OXSIR9YH1FT6,  1, 36, 1
A3OXSIR9YH1FT6,  1, 43, 2
A3OXSIR9YH1FT6,  1, 13, 1
A3OXSIR9YH1FT6,  1, 14, 4
A3OXSIR9YH1FT6,  1, 11, 4
A3OXSIR9YH1FT6,  1, 37, 1
A3OXSIR9YH1FT6,  1, 30, 1
A3OXSIR9YH1FT6,  1, 15, 6
A3OXSIR9YH1FT6,  1, 19, 4
A3OXSIR9YH1FT6,  1, 24, 4
A3OXSIR9YH1FT6,  1, 33, 2
A3OXSIR9YH1FT6,  1, 45, 2
A3OXSIR9YH1FT6,  1, 26, 1
A3OXSIR9YH1FT6,  1, 40, 3
A3OXSIR9YH1FT6,  1, 39, 2
A3OXSIR9YH1FT6,  1, 9, 6
A3OXSIR9YH1FT6,  1, 2, 6
A3OXSIR9YH1FT6,  1, 23, 7
A3OXSIR9YH1FT6,  1, 4, 6
A3OXSIR9YH1FT6,  1, 31, 2
A3OXSIR9YH1FT6,  1, 10, 6
A3OXSIR9YH1FT6,  1, 18, 4
A3OXSIR9YH1FT6,  1, 7, 6
A3OXSIR9YH1FT6,  1, 22, 4
A3OXSIR9YH1FT6,  1, 16, 5
A3OXSIR9YH1FT6,  1, 35, 2
A3OXSIR9YH1FT6,  1, 42, 1
A3OXSIR9YH1FT6,  1, 28, 1
A3OXSIR9YH1FT6,  1, 20, 6
A3OXSIR9YH1FT6,  1, 1, 7
A3OXSIR9YH1FT6,  1, 29, 2
A3OXSIR9YH1FT6,  1, 12, 6
A3OXSIR9YH1FT6,  1, 6, 7
A3OXSIR9YH1FT6,  1, 3, 7
A3OXSIR9YH1FT6,  1, 41, 2
A3OXSIR9YH1FT6,  1, 5, 7
A3OXSIR9YH1FT6,  1, 21, 4
A3OXSIR9YH1FT6,  1, 32, 2
A3OXSIR9YH1FT6,  1, 25, 4
A3OXSIR9YH1FT6,  1, 17, 4
A3OXSIR9YH1FT6,  1, 44, 2
A3OXSIR9YH1FT6,  1, 34, 2
A3OXSIR9YH1FT6,  1, 38, 1
A3OXSIR9YH1FT6,  1, 8, 6
A3OXSIR9YH1FT6,  1, 27, 2
A3QJJR5Y3XE92N,  0, 12, 7
A3QJJR5Y3XE92N,  0, 36, 2
A3QJJR5Y3XE92N,  0, 37, 3
A3QJJR5Y3XE92N,  0, 28, 4
A3QJJR5Y3XE92N,  0, 10, 7
A3QJJR5Y3XE92N,  0, 27, 6
A3QJJR5Y3XE92N,  0, 3, 7
A3QJJR5Y3XE92N,  0, 1, 6
A3QJJR5Y3XE92N,  0, 45, 2
A3QJJR5Y3XE92N,  0, 17, 6
A3QJJR5Y3XE92N,  0, 29, 5
A3QJJR5Y3XE92N,  0, 31, 3
A3QJJR5Y3XE92N,  0, 39, 3
A3QJJR5Y3XE92N,  0, 24, 6
A3QJJR5Y3XE92N,  0, 15, 6
A3QJJR5Y3XE92N,  0, 14, 7
A3QJJR5Y3XE92N,  0, 16, 6
A3QJJR5Y3XE92N,  0, 21, 5
A3QJJR5Y3XE92N,  0, 18, 6
A3QJJR5Y3XE92N,  0, 19, 6
A3QJJR5Y3XE92N,  0, 13, 7
A3QJJR5Y3XE92N,  0, 22, 6
A3QJJR5Y3XE92N,  0, 9, 7
A3QJJR5Y3XE92N,  0, 41, 1
A3QJJR5Y3XE92N,  0, 32, 2
A3QJJR5Y3XE92N,  0, 44, 2
A3QJJR5Y3XE92N,  0, 11, 7
A3QJJR5Y3XE92N,  0, 4, 7
A3QJJR5Y3XE92N,  0, 7, 6
A3QJJR5Y3XE92N,  0, 40, 2
A3QJJR5Y3XE92N,  0, 8, 6
A3QJJR5Y3XE92N,  0, 34, 2
A3QJJR5Y3XE92N,  0, 23, 4
A3QJJR5Y3XE92N,  0, 38, 2
A3QJJR5Y3XE92N,  0, 25, 5
A3QJJR5Y3XE92N,  0, 26, 6
A3QJJR5Y3XE92N,  0, 42, 1
A3QJJR5Y3XE92N,  0, 30, 6
A3QJJR5Y3XE92N,  0, 43, 1
A3QJJR5Y3XE92N,  0, 35, 1
A3QJJR5Y3XE92N,  0, 2, 7
A3QJJR5Y3XE92N,  0, 5, 7
A3QJJR5Y3XE92N,  0, 6, 6
A3QJJR5Y3XE92N,  0, 20, 6
A3QJJR5Y3XE92N,  0, 33, 3
A16UAN46CNIRHY,  0, 18, 7
A16UAN46CNIRHY,  0, 34, 1
A16UAN46CNIRHY,  0, 5, 7
A16UAN46CNIRHY,  0, 36, 2
A16UAN46CNIRHY,  0, 6, 5
A16UAN46CNIRHY,  0, 41, 1
A16UAN46CNIRHY,  0, 8, 7
A16UAN46CNIRHY,  0, 35, 6
A16UAN46CNIRHY,  0, 1, 5
A16UAN46CNIRHY,  0, 24, 7
A16UAN46CNIRHY,  0, 2, 4
A16UAN46CNIRHY,  0, 32, 1
A16UAN46CNIRHY,  0, 19, 7
A16UAN46CNIRHY,  0, 29, 4
A16UAN46CNIRHY,  0, 21, 6
A16UAN46CNIRHY,  0, 11, 7
A16UAN46CNIRHY,  0, 39, 1
A16UAN46CNIRHY,  0, 28, 7
A16UAN46CNIRHY,  0, 16, 6
A16UAN46CNIRHY,  0, 27, 5
A16UAN46CNIRHY,  0, 33, 7
A16UAN46CNIRHY,  0, 40, 1
A16UAN46CNIRHY,  0, 42, 1
A16UAN46CNIRHY,  0, 12, 7
A16UAN46CNIRHY,  0, 13, 6
A16UAN46CNIRHY,  0, 10, 3
A16UAN46CNIRHY,  0, 3, 7
A16UAN46CNIRHY,  0, 25, 6
A16UAN46CNIRHY,  0, 37, 2
A16UAN46CNIRHY,  0, 4, 5
A16UAN46CNIRHY,  0, 31, 6
A16UAN46CNIRHY,  0, 14, 7
A16UAN46CNIRHY,  0, 38, 2
A16UAN46CNIRHY,  0, 43, 1
A16UAN46CNIRHY,  0, 17, 7
A16UAN46CNIRHY,  0, 9, 4
A16UAN46CNIRHY,  0, 15, 7
A16UAN46CNIRHY,  0, 23, 6
A16UAN46CNIRHY,  0, 22, 6
A16UAN46CNIRHY,  0, 44, 1
A16UAN46CNIRHY,  0, 20, 2
A16UAN46CNIRHY,  0, 26, 7
A16UAN46CNIRHY,  0, 30, 7
A16UAN46CNIRHY,  0, 7, 1
A16UAN46CNIRHY,  0, 45, 1
A19L8SNH73AX1Z,  1, 30, 2
A19L8SNH73AX1Z,  1, 37, 2
A19L8SNH73AX1Z,  1, 33, 4
A19L8SNH73AX1Z,  1, 7, 5
A19L8SNH73AX1Z,  1, 35, 4
A19L8SNH73AX1Z,  1, 27, 2
A19L8SNH73AX1Z,  1, 45, 4
A19L8SNH73AX1Z,  1, 14, 6
A19L8SNH73AX1Z,  1, 29, 4
A19L8SNH73AX1Z,  1, 10, 5
A19L8SNH73AX1Z,  1, 41, 3
A19L8SNH73AX1Z,  1, 25, 6
A19L8SNH73AX1Z,  1, 1, 5
A19L8SNH73AX1Z,  1, 3, 6
A19L8SNH73AX1Z,  1, 8, 6
A19L8SNH73AX1Z,  1, 39, 2
A19L8SNH73AX1Z,  1, 11, 5
A19L8SNH73AX1Z,  1, 26, 2
A19L8SNH73AX1Z,  1, 21, 6
A19L8SNH73AX1Z,  1, 2, 5
A19L8SNH73AX1Z,  1, 20, 6
A19L8SNH73AX1Z,  1, 5, 6
A19L8SNH73AX1Z,  1, 31, 3
A19L8SNH73AX1Z,  1, 16, 5
A19L8SNH73AX1Z,  1, 9, 6
A19L8SNH73AX1Z,  1, 38, 6
A19L8SNH73AX1Z,  1, 44, 5
A19L8SNH73AX1Z,  1, 36, 5
A19L8SNH73AX1Z,  1, 19, 5
A19L8SNH73AX1Z,  1, 34, 3
A19L8SNH73AX1Z,  1, 22, 5
A19L8SNH73AX1Z,  1, 32, 4
A19L8SNH73AX1Z,  1, 17, 5
A19L8SNH73AX1Z,  1, 12, 5
A19L8SNH73AX1Z,  1, 18, 6
A19L8SNH73AX1Z,  1, 40, 3
A19L8SNH73AX1Z,  1, 6, 2
A19L8SNH73AX1Z,  1, 42, 3
A19L8SNH73AX1Z,  1, 43, 4
A19L8SNH73AX1Z,  1, 13, 5
A19L8SNH73AX1Z,  1, 23, 6
A19L8SNH73AX1Z,  1, 4, 3
A19L8SNH73AX1Z,  1, 15, 5
A19L8SNH73AX1Z,  1, 28, 1
A19L8SNH73AX1Z,  1, 24, 5
A1GRPIBHW72HDU,  1, 23, 7
A1GRPIBHW72HDU,  1, 15, 7
A1GRPIBHW72HDU,  1, 31, 2
A1GRPIBHW72HDU,  1, 1, 4
A1GRPIBHW72HDU,  1, 30, 3
A1GRPIBHW72HDU,  1, 32, 2
A1GRPIBHW72HDU,  1, 27, 1
A1GRPIBHW72HDU,  1, 35, 1
A1GRPIBHW72HDU,  1, 5, 6
A1GRPIBHW72HDU,  1, 7, 6
A1GRPIBHW72HDU,  1, 26, 1
A1GRPIBHW72HDU,  1, 9, 6
A1GRPIBHW72HDU,  1, 40, 1
A1GRPIBHW72HDU,  1, 10, 7
A1GRPIBHW72HDU,  1, 3, 7
A1GRPIBHW72HDU,  1, 34, 1
A1GRPIBHW72HDU,  1, 17, 4
A1GRPIBHW72HDU,  1, 18, 4
A1GRPIBHW72HDU,  1, 19, 4
A1GRPIBHW72HDU,  1, 22, 4
A1GRPIBHW72HDU,  1, 16, 5
A1GRPIBHW72HDU,  1, 36, 1
A1GRPIBHW72HDU,  1, 21, 4
A1GRPIBHW72HDU,  1, 4, 7
A1GRPIBHW72HDU,  1, 33, 1
A1GRPIBHW72HDU,  1, 39, 1
A1GRPIBHW72HDU,  1, 20, 4
A1GRPIBHW72HDU,  1, 43, 2
A1GRPIBHW72HDU,  1, 44, 2
A1GRPIBHW72HDU,  1, 24, 4
A1GRPIBHW72HDU,  1, 41, 2
A1GRPIBHW72HDU,  1, 12, 4
A1GRPIBHW72HDU,  1, 13, 5
A1GRPIBHW72HDU,  1, 8, 6
A1GRPIBHW72HDU,  1, 37, 2
A1GRPIBHW72HDU,  1, 45, 1
A1GRPIBHW72HDU,  1, 11, 4
A1GRPIBHW72HDU,  1, 25, 5
A1GRPIBHW72HDU,  1, 6, 6
A1GRPIBHW72HDU,  1, 28, 1
A1GRPIBHW72HDU,  1, 42, 1
A1GRPIBHW72HDU,  1, 38, 1
A1GRPIBHW72HDU,  1, 14, 4
A1GRPIBHW72HDU,  1, 2, 6
A1GRPIBHW72HDU,  1, 29, 2
A1C0H8G0YI15MN,  1, 23, 4
A1C0H8G0YI15MN,  1, 4, 6
A1C0H8G0YI15MN,  1, 18, 4
A1C0H8G0YI15MN,  1, 12, 5
A1C0H8G0YI15MN,  1, 27, 1
A1C0H8G0YI15MN,  1, 32, 2
A1C0H8G0YI15MN,  1, 33, 2
A1C0H8G0YI15MN,  1, 44, 2
A1C0H8G0YI15MN,  1, 8, 5
A1C0H8G0YI15MN,  1, 24, 4
A1C0H8G0YI15MN,  1, 43, 2
A1C0H8G0YI15MN,  1, 21, 4
A1C0H8G0YI15MN,  1, 10, 6
A1C0H8G0YI15MN,  1, 15, 4
A1C0H8G0YI15MN,  1, 31, 1
A1C0H8G0YI15MN,  1, 39, 1
A1C0H8G0YI15MN,  1, 2, 6
A1C0H8G0YI15MN,  1, 13, 4
A1C0H8G0YI15MN,  1, 30, 4
A1C0H8G0YI15MN,  1, 20, 4
A1C0H8G0YI15MN,  1, 3, 6
A1C0H8G0YI15MN,  1, 19, 4
A1C0H8G0YI15MN,  1, 7, 5
A1C0H8G0YI15MN,  1, 38, 1
A1C0H8G0YI15MN,  1, 25, 4
A1C0H8G0YI15MN,  1, 11, 5
A1C0H8G0YI15MN,  1, 14, 5
A1C0H8G0YI15MN,  1, 36, 2
A1C0H8G0YI15MN,  1, 17, 5
A1C0H8G0YI15MN,  1, 16, 4
A1C0H8G0YI15MN,  1, 5, 6
A1C0H8G0YI15MN,  1, 45, 1
A1C0H8G0YI15MN,  1, 6, 6
A1C0H8G0YI15MN,  1, 41, 1
A1C0H8G0YI15MN,  1, 26, 1
A1C0H8G0YI15MN,  1, 35, 2
A1C0H8G0YI15MN,  1, 40, 2
A1C0H8G0YI15MN,  1, 1, 5
A1C0H8G0YI15MN,  1, 37, 2
A1C0H8G0YI15MN,  1, 9, 6
A1C0H8G0YI15MN,  1, 42, 1
A1C0H8G0YI15MN,  1, 22, 4
A1C0H8G0YI15MN,  1, 29, 1
A1C0H8G0YI15MN,  1, 34, 1
A1C0H8G0YI15MN,  1, 28, 1
A2W3KKNN3CAY66,  1, 15, 7
A2W3KKNN3CAY66,  1, 6, 3
A2W3KKNN3CAY66,  1, 14, 6
A2W3KKNN3CAY66,  1, 17, 6
A2W3KKNN3CAY66,  1, 4, 7
A2W3KKNN3CAY66,  1, 28, 1
A2W3KKNN3CAY66,  1, 16, 5
A2W3KKNN3CAY66,  1, 19, 5
A2W3KKNN3CAY66,  1, 43, 1
A2W3KKNN3CAY66,  1, 34, 1
A2W3KKNN3CAY66,  1, 5, 7
A2W3KKNN3CAY66,  1, 12, 7
A2W3KKNN3CAY66,  1, 41, 1
A2W3KKNN3CAY66,  1, 30, 2
A2W3KKNN3CAY66,  1, 36, 1
A2W3KKNN3CAY66,  1, 42, 1
A2W3KKNN3CAY66,  1, 24, 6
A2W3KKNN3CAY66,  1, 32, 2
A2W3KKNN3CAY66,  1, 27, 2
A2W3KKNN3CAY66,  1, 13, 3
A2W3KKNN3CAY66,  1, 31, 1
A2W3KKNN3CAY66,  1, 2, 2
A2W3KKNN3CAY66,  1, 37, 1
A2W3KKNN3CAY66,  1, 44, 2
A2W3KKNN3CAY66,  1, 40, 1
A2W3KKNN3CAY66,  1, 10, 6
A2W3KKNN3CAY66,  1, 33, 2
A2W3KKNN3CAY66,  1, 35, 2
A2W3KKNN3CAY66,  1, 26, 2
A2W3KKNN3CAY66,  1, 22, 5
A2W3KKNN3CAY66,  1, 45, 2
A2W3KKNN3CAY66,  1, 8, 2
A2W3KKNN3CAY66,  1, 9, 6
A2W3KKNN3CAY66,  1, 38, 5
A2W3KKNN3CAY66,  1, 11, 5
A2W3KKNN3CAY66,  1, 7, 4
A2W3KKNN3CAY66,  1, 23, 5
A2W3KKNN3CAY66,  1, 18, 5
A2W3KKNN3CAY66,  1, 3, 7
A2W3KKNN3CAY66,  1, 29, 3
A2W3KKNN3CAY66,  1, 21, 6
A2W3KKNN3CAY66,  1, 25, 5
A2W3KKNN3CAY66,  1, 1, 7
A2W3KKNN3CAY66,  1, 20, 5
A2W3KKNN3CAY66,  1, 39, 1
A1R5W4RQZTROD8,  0, 40, 3
A1R5W4RQZTROD8,  0, 14, 5
A1R5W4RQZTROD8,  0, 44, 2
A1R5W4RQZTROD8,  0, 10, 5
A1R5W4RQZTROD8,  0, 3, 4
A1R5W4RQZTROD8,  0, 2, 4
A1R5W4RQZTROD8,  0, 22, 5
A1R5W4RQZTROD8,  0, 1, 4
A1R5W4RQZTROD8,  0, 15, 6
A1R5W4RQZTROD8,  0, 6, 4
A1R5W4RQZTROD8,  0, 12, 5
A1R5W4RQZTROD8,  0, 25, 6
A1R5W4RQZTROD8,  0, 7, 6
A1R5W4RQZTROD8,  0, 4, 6
A1R5W4RQZTROD8,  0, 20, 4
A1R5W4RQZTROD8,  0, 35, 3
A1R5W4RQZTROD8,  0, 28, 4
A1R5W4RQZTROD8,  0, 39, 2
A1R5W4RQZTROD8,  0, 30, 5
A1R5W4RQZTROD8,  0, 11, 4
A1R5W4RQZTROD8,  0, 34, 2
A1R5W4RQZTROD8,  0, 24, 4
A1R5W4RQZTROD8,  0, 29, 4
A1R5W4RQZTROD8,  0, 21, 5
A1R5W4RQZTROD8,  0, 18, 5
A1R5W4RQZTROD8,  0, 13, 5
A1R5W4RQZTROD8,  0, 5, 4
A1R5W4RQZTROD8,  0, 33, 4
A1R5W4RQZTROD8,  0, 43, 2
A1R5W4RQZTROD8,  0, 45, 2
A1R5W4RQZTROD8,  0, 36, 2
A1R5W4RQZTROD8,  0, 42, 1
A1R5W4RQZTROD8,  0, 27, 4
A1R5W4RQZTROD8,  0, 8, 4
A1R5W4RQZTROD8,  0, 23, 5
A1R5W4RQZTROD8,  0, 38, 3
A1R5W4RQZTROD8,  0, 16, 5
A1R5W4RQZTROD8,  0, 37, 3
A1R5W4RQZTROD8,  0, 9, 4
A1R5W4RQZTROD8,  0, 19, 5
A1R5W4RQZTROD8,  0, 17, 5
A1R5W4RQZTROD8,  0, 26, 4
A1R5W4RQZTROD8,  0, 31, 3
A1R5W4RQZTROD8,  0, 32, 4
A1R5W4RQZTROD8,  0, 41, 2
A17J1CE7N49Z9D,  1, 24, 4
A17J1CE7N49Z9D,  1, 39, 2
A17J1CE7N49Z9D,  1, 33, 1
A17J1CE7N49Z9D,  1, 16, 4
A17J1CE7N49Z9D,  1, 7, 4
A17J1CE7N49Z9D,  1, 38, 2
A17J1CE7N49Z9D,  1, 9, 6
A17J1CE7N49Z9D,  1, 30, 2
A17J1CE7N49Z9D,  1, 42, 1
A17J1CE7N49Z9D,  1, 15, 4
A17J1CE7N49Z9D,  1, 34, 2
A17J1CE7N49Z9D,  1, 40, 2
A17J1CE7N49Z9D,  1, 23, 4
A17J1CE7N49Z9D,  1, 35, 3
A17J1CE7N49Z9D,  1, 26, 3
A17J1CE7N49Z9D,  1, 2, 3
A17J1CE7N49Z9D,  1, 3, 4
A17J1CE7N49Z9D,  1, 10, 4
A17J1CE7N49Z9D,  1, 29, 4
A17J1CE7N49Z9D,  1, 41, 1
A17J1CE7N49Z9D,  1, 44, 2
A17J1CE7N49Z9D,  1, 14, 3
A17J1CE7N49Z9D,  1, 31, 1
A17J1CE7N49Z9D,  1, 22, 4
A17J1CE7N49Z9D,  1, 13, 4
A17J1CE7N49Z9D,  1, 21, 3
A17J1CE7N49Z9D,  1, 11, 4
A17J1CE7N49Z9D,  1, 27, 2
A17J1CE7N49Z9D,  1, 20, 4
A17J1CE7N49Z9D,  1, 5, 5
A17J1CE7N49Z9D,  1, 37, 2
A17J1CE7N49Z9D,  1, 8, 4
A17J1CE7N49Z9D,  1, 4, 4
A17J1CE7N49Z9D,  1, 43, 2
A17J1CE7N49Z9D,  1, 19, 4
A17J1CE7N49Z9D,  1, 1, 4
A17J1CE7N49Z9D,  1, 17, 4
A17J1CE7N49Z9D,  1, 36, 4
A17J1CE7N49Z9D,  1, 32, 2
A17J1CE7N49Z9D,  1, 28, 2
A17J1CE7N49Z9D,  1, 6, 5
A17J1CE7N49Z9D,  1, 12, 4
A17J1CE7N49Z9D,  1, 18, 4
A17J1CE7N49Z9D,  1, 25, 4
A17J1CE7N49Z9D,  1, 45, 1
A2WGW5Y3ZFBDEC,  0, 44, 3
A2WGW5Y3ZFBDEC,  0, 31, 6
A2WGW5Y3ZFBDEC,  0, 40, 3
A2WGW5Y3ZFBDEC,  0, 17, 6
A2WGW5Y3ZFBDEC,  0, 27, 3
A2WGW5Y3ZFBDEC,  0, 21, 4
A2WGW5Y3ZFBDEC,  0, 18, 6
A2WGW5Y3ZFBDEC,  0, 33, 3
A2WGW5Y3ZFBDEC,  0, 28, 3
A2WGW5Y3ZFBDEC,  0, 13, 7
A2WGW5Y3ZFBDEC,  0, 39, 2
A2WGW5Y3ZFBDEC,  0, 32, 3
A2WGW5Y3ZFBDEC,  0, 11, 6
A2WGW5Y3ZFBDEC,  0, 38, 3
A2WGW5Y3ZFBDEC,  0, 36, 3
A2WGW5Y3ZFBDEC,  0, 16, 6
A2WGW5Y3ZFBDEC,  0, 20, 7
A2WGW5Y3ZFBDEC,  0, 25, 5
A2WGW5Y3ZFBDEC,  0, 30, 3
A2WGW5Y3ZFBDEC,  0, 24, 6
A2WGW5Y3ZFBDEC,  0, 43, 2
A2WGW5Y3ZFBDEC,  0, 41, 1
A2WGW5Y3ZFBDEC,  0, 29, 3
A2WGW5Y3ZFBDEC,  0, 5, 6
A2WGW5Y3ZFBDEC,  0, 45, 3
A2WGW5Y3ZFBDEC,  0, 10, 6
A2WGW5Y3ZFBDEC,  0, 2, 7
A2WGW5Y3ZFBDEC,  0, 26, 4
A2WGW5Y3ZFBDEC,  0, 37, 2
A2WGW5Y3ZFBDEC,  0, 7, 1
A2WGW5Y3ZFBDEC,  0, 3, 1
A2WGW5Y3ZFBDEC,  0, 22, 6
A2WGW5Y3ZFBDEC,  0, 6, 4
A2WGW5Y3ZFBDEC,  0, 34, 3
A2WGW5Y3ZFBDEC,  0, 35, 4
A2WGW5Y3ZFBDEC,  0, 15, 2
A2WGW5Y3ZFBDEC,  0, 4, 1
A2WGW5Y3ZFBDEC,  0, 19, 6
A2WGW5Y3ZFBDEC,  0, 12, 3
A2WGW5Y3ZFBDEC,  0, 8, 3
A2WGW5Y3ZFBDEC,  0, 1, 5
A2WGW5Y3ZFBDEC,  0, 14, 6
A2WGW5Y3ZFBDEC,  0, 42, 2
A2WGW5Y3ZFBDEC,  0, 23, 6
A2WGW5Y3ZFBDEC,  0, 9, 1
A2MKXI4KCRRI7Y,  0, 2, 7
A2MKXI4KCRRI7Y,  0, 12, 5
A2MKXI4KCRRI7Y,  0, 9, 6
A2MKXI4KCRRI7Y,  0, 8, 6
A2MKXI4KCRRI7Y,  0, 11, 5
A2MKXI4KCRRI7Y,  0, 41, 2
A2MKXI4KCRRI7Y,  0, 31, 3
A2MKXI4KCRRI7Y,  0, 6, 6
A2MKXI4KCRRI7Y,  0, 21, 4
A2MKXI4KCRRI7Y,  0, 1, 6
A2MKXI4KCRRI7Y,  0, 24, 5
A2MKXI4KCRRI7Y,  0, 19, 4
A2MKXI4KCRRI7Y,  0, 14, 5
A2MKXI4KCRRI7Y,  0, 29, 5
A2MKXI4KCRRI7Y,  0, 45, 1
A2MKXI4KCRRI7Y,  0, 39, 2
A2MKXI4KCRRI7Y,  0, 16, 5
A2MKXI4KCRRI7Y,  0, 32, 2
A2MKXI4KCRRI7Y,  0, 18, 5
A2MKXI4KCRRI7Y,  0, 26, 4
A2MKXI4KCRRI7Y,  0, 38, 2
A2MKXI4KCRRI7Y,  0, 35, 4
A2MKXI4KCRRI7Y,  0, 37, 2
A2MKXI4KCRRI7Y,  0, 10, 6
A2MKXI4KCRRI7Y,  0, 42, 2
A2MKXI4KCRRI7Y,  0, 30, 4
A2MKXI4KCRRI7Y,  0, 20, 4
A2MKXI4KCRRI7Y,  0, 44, 1
A2MKXI4KCRRI7Y,  0, 23, 5
A2MKXI4KCRRI7Y,  0, 7, 7
A2MKXI4KCRRI7Y,  0, 13, 5
A2MKXI4KCRRI7Y,  0, 22, 4
A2MKXI4KCRRI7Y,  0, 36, 1
A2MKXI4KCRRI7Y,  0, 27, 3
A2MKXI4KCRRI7Y,  0, 17, 4
A2MKXI4KCRRI7Y,  0, 40, 2
A2MKXI4KCRRI7Y,  0, 33, 3
A2MKXI4KCRRI7Y,  0, 28, 3
A2MKXI4KCRRI7Y,  0, 3, 7
A2MKXI4KCRRI7Y,  0, 4, 7
A2MKXI4KCRRI7Y,  0, 5, 7
A2MKXI4KCRRI7Y,  0, 34, 1
A2MKXI4KCRRI7Y,  0, 43, 1
A2MKXI4KCRRI7Y,  0, 15, 6
A2MKXI4KCRRI7Y,  0, 25, 4
A2OVX9UW5WANQE,  0, 2, 7
A2OVX9UW5WANQE,  0, 20, 2
A2OVX9UW5WANQE,  0, 30, 4
A2OVX9UW5WANQE,  0, 15, 5
A2OVX9UW5WANQE,  0, 14, 5
A2OVX9UW5WANQE,  0, 25, 4
A2OVX9UW5WANQE,  0, 4, 7
A2OVX9UW5WANQE,  0, 34, 1
A2OVX9UW5WANQE,  0, 36, 2
A2OVX9UW5WANQE,  0, 17, 5
A2OVX9UW5WANQE,  0, 42, 1
A2OVX9UW5WANQE,  0, 11, 5
A2OVX9UW5WANQE,  0, 6, 7
A2OVX9UW5WANQE,  0, 1, 6
A2OVX9UW5WANQE,  0, 9, 3
A2OVX9UW5WANQE,  0, 13, 5
A2OVX9UW5WANQE,  0, 26, 3
A2OVX9UW5WANQE,  0, 39, 1
A2OVX9UW5WANQE,  0, 16, 2
A2OVX9UW5WANQE,  0, 27, 2
A2OVX9UW5WANQE,  0, 45, 1
A2OVX9UW5WANQE,  0, 22, 5
A2OVX9UW5WANQE,  0, 12, 5
A2OVX9UW5WANQE,  0, 24, 4
A2OVX9UW5WANQE,  0, 8, 7
A2OVX9UW5WANQE,  0, 23, 1
A2OVX9UW5WANQE,  0, 40, 1
A2OVX9UW5WANQE,  0, 35, 1
A2OVX9UW5WANQE,  0, 32, 1
A2OVX9UW5WANQE,  0, 10, 7
A2OVX9UW5WANQE,  0, 18, 5
A2OVX9UW5WANQE,  0, 38, 3
A2OVX9UW5WANQE,  0, 7, 6
A2OVX9UW5WANQE,  0, 28, 2
A2OVX9UW5WANQE,  0, 37, 2
A2OVX9UW5WANQE,  0, 5, 7
A2OVX9UW5WANQE,  0, 19, 2
A2OVX9UW5WANQE,  0, 31, 1
A2OVX9UW5WANQE,  0, 43, 1
A2OVX9UW5WANQE,  0, 44, 1
A2OVX9UW5WANQE,  0, 41, 1
A2OVX9UW5WANQE,  0, 33, 2
A2OVX9UW5WANQE,  0, 29, 4
A2OVX9UW5WANQE,  0, 21, 3
A2OVX9UW5WANQE,  0, 3, 7
A38DC3BG1ZCVZ2,  0, 15, 5
A38DC3BG1ZCVZ2,  0, 28, 4
A38DC3BG1ZCVZ2,  0, 35, 4
A38DC3BG1ZCVZ2,  0, 41, 2
A38DC3BG1ZCVZ2,  0, 20, 5
A38DC3BG1ZCVZ2,  0, 25, 4
A38DC3BG1ZCVZ2,  0, 39, 3
A38DC3BG1ZCVZ2,  0, 29, 5
A38DC3BG1ZCVZ2,  0, 42, 1
A38DC3BG1ZCVZ2,  0, 6, 2
A38DC3BG1ZCVZ2,  0, 9, 3
A38DC3BG1ZCVZ2,  0, 38, 3
A38DC3BG1ZCVZ2,  0, 37, 5
A38DC3BG1ZCVZ2,  0, 44, 3
A38DC3BG1ZCVZ2,  0, 12, 4
A38DC3BG1ZCVZ2,  0, 17, 4
A38DC3BG1ZCVZ2,  0, 22, 5
A38DC3BG1ZCVZ2,  0, 1, 7
A38DC3BG1ZCVZ2,  0, 23, 5
A38DC3BG1ZCVZ2,  0, 19, 4
A38DC3BG1ZCVZ2,  0, 4, 7
A38DC3BG1ZCVZ2,  0, 24, 3
A38DC3BG1ZCVZ2,  0, 27, 4
A38DC3BG1ZCVZ2,  0, 16, 5
A38DC3BG1ZCVZ2,  0, 34, 2
A38DC3BG1ZCVZ2,  0, 33, 3
A38DC3BG1ZCVZ2,  0, 36, 2
A38DC3BG1ZCVZ2,  0, 40, 3
A38DC3BG1ZCVZ2,  0, 14, 6
A38DC3BG1ZCVZ2,  0, 3, 7
A38DC3BG1ZCVZ2,  0, 2, 7
A38DC3BG1ZCVZ2,  0, 31, 1
A38DC3BG1ZCVZ2,  0, 5, 7
A38DC3BG1ZCVZ2,  0, 13, 5
A38DC3BG1ZCVZ2,  0, 32, 3
A38DC3BG1ZCVZ2,  0, 26, 3
A38DC3BG1ZCVZ2,  0, 30, 5
A38DC3BG1ZCVZ2,  0, 18, 6
A38DC3BG1ZCVZ2,  0, 43, 2
A38DC3BG1ZCVZ2,  0, 21, 5
A38DC3BG1ZCVZ2,  0, 10, 7
A38DC3BG1ZCVZ2,  0, 45, 1
A38DC3BG1ZCVZ2,  0, 11, 5
A38DC3BG1ZCVZ2,  0, 8, 6
A38DC3BG1ZCVZ2,  0, 7, 7
A21SIPO89DP66I,  1, 40, 1
A21SIPO89DP66I,  1, 27, 2
A21SIPO89DP66I,  1, 6, 6
A21SIPO89DP66I,  1, 33, 1
A21SIPO89DP66I,  1, 21, 4
A21SIPO89DP66I,  1, 9, 7
A21SIPO89DP66I,  1, 41, 1
A21SIPO89DP66I,  1, 35, 2
A21SIPO89DP66I,  1, 4, 7
A21SIPO89DP66I,  1, 24, 4
A21SIPO89DP66I,  1, 17, 6
A21SIPO89DP66I,  1, 28, 2
A21SIPO89DP66I,  1, 42, 2
A21SIPO89DP66I,  1, 34, 3
A21SIPO89DP66I,  1, 39, 2
A21SIPO89DP66I,  1, 31, 2
A21SIPO89DP66I,  1, 22, 4
A21SIPO89DP66I,  1, 26, 3
A21SIPO89DP66I,  1, 32, 5
A21SIPO89DP66I,  1, 8, 6
A21SIPO89DP66I,  1, 25, 4
A21SIPO89DP66I,  1, 23, 4
A21SIPO89DP66I,  1, 11, 6
A21SIPO89DP66I,  1, 20, 5
A21SIPO89DP66I,  1, 10, 7
A21SIPO89DP66I,  1, 36, 1
A21SIPO89DP66I,  1, 43, 2
A21SIPO89DP66I,  1, 15, 2
A21SIPO89DP66I,  1, 5, 1
A21SIPO89DP66I,  1, 37, 2
A21SIPO89DP66I,  1, 1, 6
A21SIPO89DP66I,  1, 3, 7
A21SIPO89DP66I,  1, 45, 1
A21SIPO89DP66I,  1, 38, 2
A21SIPO89DP66I,  1, 29, 3
A21SIPO89DP66I,  1, 12, 5
A21SIPO89DP66I,  1, 2, 6
A21SIPO89DP66I,  1, 19, 4
A21SIPO89DP66I,  1, 30, 3
A21SIPO89DP66I,  1, 7, 5
A21SIPO89DP66I,  1, 44, 2
A21SIPO89DP66I,  1, 18, 4
A21SIPO89DP66I,  1, 16, 4
A21SIPO89DP66I,  1, 13, 6
A21SIPO89DP66I,  1, 14, 5
ABLOHOJH95YT9,  0, 34, 2
ABLOHOJH95YT9,  0, 35, 4
ABLOHOJH95YT9,  0, 2, 6
ABLOHOJH95YT9,  0, 11, 4
ABLOHOJH95YT9,  0, 10, 6
ABLOHOJH95YT9,  0, 18, 5
ABLOHOJH95YT9,  0, 21, 3
ABLOHOJH95YT9,  0, 28, 5
ABLOHOJH95YT9,  0, 27, 5
ABLOHOJH95YT9,  0, 29, 5
ABLOHOJH95YT9,  0, 5, 7
ABLOHOJH95YT9,  0, 43, 1
ABLOHOJH95YT9,  0, 45, 1
ABLOHOJH95YT9,  0, 31, 3
ABLOHOJH95YT9,  0, 13, 6
ABLOHOJH95YT9,  0, 17, 5
ABLOHOJH95YT9,  0, 14, 6
ABLOHOJH95YT9,  0, 12, 6
ABLOHOJH95YT9,  0, 25, 4
ABLOHOJH95YT9,  0, 20, 6
ABLOHOJH95YT9,  0, 41, 1
ABLOHOJH95YT9,  0, 37, 1
ABLOHOJH95YT9,  0, 36, 1
ABLOHOJH95YT9,  0, 4, 7
ABLOHOJH95YT9,  0, 9, 7
ABLOHOJH95YT9,  0, 24, 4
ABLOHOJH95YT9,  0, 40, 1
ABLOHOJH95YT9,  0, 33, 1
ABLOHOJH95YT9,  0, 26, 4
ABLOHOJH95YT9,  0, 6, 7
ABLOHOJH95YT9,  0, 44, 1
ABLOHOJH95YT9,  0, 30, 4
ABLOHOJH95YT9,  0, 1, 7
ABLOHOJH95YT9,  0, 42, 1
ABLOHOJH95YT9,  0, 23, 4
ABLOHOJH95YT9,  0, 39, 1
ABLOHOJH95YT9,  0, 16, 4
ABLOHOJH95YT9,  0, 32, 3
ABLOHOJH95YT9,  0, 8, 6
ABLOHOJH95YT9,  0, 15, 6
ABLOHOJH95YT9,  0, 22, 4
ABLOHOJH95YT9,  0, 3, 7
ABLOHOJH95YT9,  0, 19, 5
ABLOHOJH95YT9,  0, 7, 7
ABLOHOJH95YT9,  0, 38, 1
APO6KZZ79PO9Q,  1, 32, 3
APO6KZZ79PO9Q,  1, 18, 4
APO6KZZ79PO9Q,  1, 35, 3
APO6KZZ79PO9Q,  1, 31, 2
APO6KZZ79PO9Q,  1, 36, 2
APO6KZZ79PO9Q,  1, 2, 6
APO6KZZ79PO9Q,  1, 15, 5
APO6KZZ79PO9Q,  1, 38, 2
APO6KZZ79PO9Q,  1, 34, 4
APO6KZZ79PO9Q,  1, 11, 4
APO6KZZ79PO9Q,  1, 22, 4
APO6KZZ79PO9Q,  1, 43, 3
APO6KZZ79PO9Q,  1, 10, 5
APO6KZZ79PO9Q,  1, 1, 5
APO6KZZ79PO9Q,  1, 7, 4
APO6KZZ79PO9Q,  1, 19, 4
APO6KZZ79PO9Q,  1, 28, 2
APO6KZZ79PO9Q,  1, 37, 2
APO6KZZ79PO9Q,  1, 44, 3
APO6KZZ79PO9Q,  1, 5, 6
APO6KZZ79PO9Q,  1, 3, 5
APO6KZZ79PO9Q,  1, 40, 2
APO6KZZ79PO9Q,  1, 20, 6
APO6KZZ79PO9Q,  1, 6, 5
APO6KZZ79PO9Q,  1, 29, 3
APO6KZZ79PO9Q,  1, 41, 3
APO6KZZ79PO9Q,  1, 13, 4
APO6KZZ79PO9Q,  1, 30, 3
APO6KZZ79PO9Q,  1, 26, 2
APO6KZZ79PO9Q,  1, 45, 2
APO6KZZ79PO9Q,  1, 4, 6
APO6KZZ79PO9Q,  1, 24, 4
APO6KZZ79PO9Q,  1, 23, 4
APO6KZZ79PO9Q,  1, 27, 4
APO6KZZ79PO9Q,  1, 39, 2
APO6KZZ79PO9Q,  1, 14, 5
APO6KZZ79PO9Q,  1, 21, 4
APO6KZZ79PO9Q,  1, 33, 1
APO6KZZ79PO9Q,  1, 25, 4
APO6KZZ79PO9Q,  1, 42, 1
APO6KZZ79PO9Q,  1, 17, 4
APO6KZZ79PO9Q,  1, 16, 4
APO6KZZ79PO9Q,  1, 8, 4
APO6KZZ79PO9Q,  1, 12, 4
APO6KZZ79PO9Q,  1, 9, 6
